"CapDate","SVL","Tag","Occasion","Sex","Sex40"
2014-04-11,47,"O-E37",1,"f","f"
2014-04-11,39,"O-E38",1,"u","u"
2014-04-11,48,"O-E39",1,"f","f"
2014-04-11,45,"O-E40",1,"f","f"
2014-04-11,40,"O-E41",1,"f","f"
2014-04-11,35,"O-E42",1,"u","u"
2014-04-11,40,"O-E43",1,"f","f"
2014-04-11,45,"O-E44",1,"m","f"
2014-04-11,37,"O-E45",1,"u","u"
2014-04-11,46,"O-E46",1,"f","f"
2014-04-11,42,"O-E47",1,"u","u"
2014-04-11,42,"O-E48",1,"u","u"
2014-04-11,40,"O-E49",1,"f","f"
2014-04-11,43,"O-E50",1,"m","m"
2014-04-11,36,"O-E51",1,"u","u"
2014-04-11,40,"O-E52",1,"f","f"
2014-04-11,42,"O-E53",1,"m","m"
2014-04-11,43,"O-E54",1,"f","u"
2014-04-11,42,"O-E55",1,"f","f"
2014-04-11,40,"O-E56",1,"f","f"
2014-04-11,37,"O-E57",1,"u","u"
2014-04-13,43,"O-E58",1,"m","m"
2014-04-13,43,"O-E59",1,"m","m"
2014-04-13,36,"O-E61",1,"u","u"
2014-04-13,41,"O-E62",1,"f","f"
2014-04-13,38,"O-E63",1,"u","u"
2014-04-13,44,"O-E64",1,"m","m"
2014-04-13,45,"O-E65",1,"m","m"
2014-04-13,42,"O-E66",1,"m","m"
2014-04-13,40,"O-E67",1,"m","m"
2014-04-13,40,"O-E68",1,"m","m"
2014-04-13,36,"O-E69",1,"u","u"
2014-04-13,41,"O-E70",1,"f","f"
2014-04-13,36,"O-E71",1,"u","u"
2014-04-13,45,"O-E72",1,"f","f"
2014-04-13,38,"O-E73",1,"u","u"
2014-04-13,40,"O-E74",1,"f","f"
2014-04-13,39,"O-E75",1,"u","u"
2014-04-13,44,"O-E76",1,"f","m"
2014-04-13,41,"O-E77",1,"f","f"
2014-04-13,37,"O-E78",1,"f","u"
2014-04-13,41,"O-E79",1,"f","f"
2014-04-13,35,"O-E80",1,"u","u"
2014-04-13,40,"O-E81",1,"m","m"
2014-04-13,38,"O-E82",1,"u","u"
2014-04-13,40,"O-E83",1,"m","f"
2014-04-13,43,"O-E84",1,"m","m"
2014-04-15,38,"O-E85",1,"u","u"
2014-04-15,40,"O-E86",1,"f","f"
2014-04-15,39,"O-E87",1,"u","u"
2014-04-15,44,"O-E88",1,"m","m"
2014-04-15,39,"O-E89",1,"u","u"
2014-04-15,39,"O-E90",1,"u","u"
2014-04-15,45,"O-E91",1,"m","m"
2014-04-15,40,"O-E92",1,"f","f"
2014-04-15,39,"O-E93",1,"f","u"
2014-04-15,37,"O-E94",1,"u","u"
2014-04-15,37,"O-E95",1,"u","u"
2014-04-15,42,"O-E97",1,"m","m"
2014-04-15,44,"O-E98",1,"f","f"
2014-04-15,37,"O-E99",1,"u","u"
2014-04-15,43,"O-C00",1,"m","m"
2014-04-15,40,"O-C01",1,"m","m"
2014-04-15,44,"O-C02",1,"f","f"
2014-04-15,40,"O-C03",1,"m","m"
2014-04-15,41,"O-C04",1,"f","f"
2014-04-15,46,"O-C05",1,"f","f"
2014-04-15,40,"O-C06",1,"m","m"
2014-04-15,42,"O-C07",1,"m","m"
2014-04-17,40,"O-C08",1,"f","f"
2014-04-17,40,"O-C09",1,"u","m"
2014-04-17,39,"O-C10",1,"u","u"
2014-04-17,40,"O-C11",1,"m","m"
2014-04-17,38,"O-C12",1,"u","u"
2014-04-17,38,"O-C13",1,"m","u"
2014-04-17,42,"O-C14",1,"m","m"
2014-04-17,35,"O-C15",1,"u","u"
2014-04-17,40,"O-C16",1,"m","m"
2014-04-17,39,"O-C17",1,"u","u"
2014-04-17,40,"O-C18",1,"m","m"
2014-04-17,37,"O-C19",1,"u","u"
2014-04-17,39,"O-C21",1,"u","u"
2014-04-17,38,"O-C22",1,"u","u"
2014-04-17,37,"O-C23",1,"u","u"
2014-04-17,44,"O-C24",1,"f","f"
2014-04-17,45,"O-C25",1,"f","f"
2014-04-17,42,"O-C26",1,"f","f"
2014-04-17,37,"O-C27",1,"u","u"
2014-04-17,44,"O-C28",1,"f","f"
2014-04-17,35,"O-C29",1,"u","u"
2014-04-17,36,"O-C30",1,"u","u"
2014-04-17,39,"O-C31",1,"u","u"
2014-04-17,42,"O-C32",1,"m","m"
2014-04-17,40,"O-C33",1,"f","f"
2014-04-17,43,"O-C34",1,"f","f"
2014-04-17,44,"O-C35",1,"m","m"
2014-04-17,40,"O-C36",1,"m","m"
2014-04-17,43,"O-C37",1,"m","m"
2014-04-17,37,"O-C38",1,"u","u"
2014-04-17,40,"O-C39",1,"f","f"
2014-04-17,38,"O-C40",1,"u","u"
2014-04-17,44,"O-C41",1,"f","f"
2014-04-17,45,"O-C42",1,"m","m"
2014-04-17,47,"O-E14",1,"f","f"
2014-04-17,49,"O-C43",1,"f","f"
2014-04-18,43,"O-C44",1,"m","f"
2014-04-18,40,"O-C45",1,"f","f"
2014-04-18,41,"O-C46",1,"f","f"
2014-04-18,34,"O-C48",1,"u","u"
2014-04-18,39,"O-C49",1,"m","u"
2014-04-18,41,"O-C50",1,"f","f"
2014-04-18,37,"O-C51",1,"u","u"
2014-04-18,42,"O-C52",1,"f","f"
2014-04-18,36,"O-C53",1,"u","u"
2014-04-18,40,"O-C54",1,"f","f"
2014-04-18,44,"O-C55",1,"f","f"
2014-04-18,41,"O-C56",1,"f","f"
2014-04-18,42,"O-C57",1,"f","f"
2014-04-18,41,"O-C58",1,"m","m"
2014-04-22,41,"O-C63",1,"f","f"
2014-04-22,37,"O-C64",1,"u","u"
2014-04-22,37,"O-C65",1,"u","u"
2014-04-22,39,"O-C66",1,"u","u"
2014-04-22,39,"O-C67",1,"u","u"
2014-04-22,39,"O-C68",1,"u","u"
2014-04-22,47,"O-C69",1,"f","f"
2014-04-22,38,"O-C70",1,"u","u"
2014-04-22,38,"O-C71",1,"u","u"
2014-04-22,43,"O-C72",1,"m","m"
2014-04-22,38,"O-C73",1,"f","u"
2014-04-22,38,"O-C74",1,"u","u"
2014-04-22,41,"O-C75",1,"f","f"
2014-04-22,45,"O-C76",1,"f","f"
2014-04-22,42,"O-C77",1,"f","f"
2014-04-27,35,"O-C78",1,"u","u"
2014-04-27,43,"O-C79",1,"f","f"
2014-04-27,39,"O-C80",1,"u","u"
2014-04-27,43,"O-C81",1,"f","f"
2014-04-27,44,"O-C82",1,"f","f"
2014-04-27,47,"O-C83",1,"f","f"
2014-04-27,42,"O-C84",1,"m","m"
2014-04-27,38,"O-C85",1,"u","u"
2014-04-27,40,"O-C86",1,"f","f"
2014-04-27,42,"O-C87",1,"m","m"
2014-04-27,38,"O-C89",1,"u","u"
2014-04-27,46,"O-C90",1,"f","f"
2014-05-08,42,"G-B00",2,"m","m"
2014-05-08,42,"G-B01",2,"m","m"
2014-05-08,40,"O-C09",2,"u","m"
2014-05-08,39,"O-C13",2,"m","u"
2014-05-08,41,"O-C14",2,"m","m"
2014-05-08,35,"O-C15",2,"u","u"
2014-05-08,41,"G-B02",2,"m","m"
2014-05-08,41,"G-B03",2,"f","f"
2014-05-08,35,"G-B04",2,"u","u"
2014-05-08,39,"G-B05",2,"m","u"
2014-05-08,40,"G-B06",2,"m","m"
2014-05-08,45,"G-B07",2,"f","f"
2014-05-08,35,"G-B08",2,"u","u"
2014-05-08,39,"G-B09",2,"u","u"
2014-05-08,42,"G-B10",2,"f","f"
2014-05-08,35,"O-C29",2,"u","u"
2014-05-08,38,"O-C23",2,"u","u"
2014-05-08,39,"G-B11",2,"u","u"
2014-05-08,46,"G-B12",2,"f","f"
2014-05-08,38,"G-B13",2,"u","u"
2014-05-08,40,"G-B14",2,"f","f"
2014-05-08,45,"O-C28",2,"f","f"
2014-05-08,45,"O-C32",2,"m","m"
2014-05-08,42,"G-B15",2,"f","f"
2014-05-08,41,"G-B16",2,"f","f"
2014-05-08,36,"G-B17",2,"u","u"
2014-05-08,52,"O-C43",2,"f","f"
2014-05-08,41,"G-B18",2,"m","m"
2014-05-08,47,"G-B19",2,"f","f"
2014-05-08,40,"O-C39",2,"f","f"
2014-05-08,48,"G-B20",2,"f","f"
2014-05-08,42,"G-B21",2,"m","m"
2014-05-08,41,"G-B22",2,"m","m"
2014-05-08,38,"G-B23",2,"u","u"
2014-05-08,40,"G-B24",2,"m","m"
2014-05-08,45,"G-B25",2,"f","f"
2014-05-08,45,"G-B26",2,"f","f"
2014-05-08,42,"G-B27",2,"m","m"
2014-05-08,46,"G-B29",2,"f","f"
2014-05-08,46,"G-B30",2,"f","f"
2014-05-08,40,"G-B31",2,"m","m"
2014-05-10,45,"G-B32",2,"m","m"
2014-05-10,41,"G-B33",2,"m","m"
2014-05-10,44,"G-B34",2,"f","f"
2014-05-10,41,"G-B35",2,"m","m"
2014-05-10,43,"G-B36",2,"m","m"
2014-05-10,40,"G-B37",2,"f","f"
2014-05-10,45,"G-B39",2,"f","f"
2014-05-10,40,"G-B40",2,"m","m"
2014-05-10,44,"G-B41",2,"f","f"
2014-05-10,42,"G-B42",2,"f","f"
2014-05-10,45,"G-B43",2,"f","f"
2014-05-10,38,"O-E61",2,"u","u"
2014-05-10,41,"G-B44",2,"m","m"
2014-05-10,39,"G-B46",2,"u","u"
2014-05-10,42,"G-B47",2,"f","f"
2014-05-10,40,"O-E67",2,"m","m"
2014-05-10,45,"G-B49",2,"m","m"
2014-05-10,46,"G-B50",2,"f","f"
2014-05-15,40,"G-B51",2,"m","m"
2014-05-15,43,"G-B52",2,"f","f"
2014-05-15,45,"G-B53",2,"f","f"
2014-05-15,46,"G-B54",2,"f","f"
2014-05-15,46,"G-B55",2,"f","f"
2014-05-15,40,"G-B56",2,"f","f"
2014-05-15,45,"G-B57",2,"m","m"
2014-05-15,43,"G-B59",2,"m","m"
2014-05-15,40,"G-B60",2,"m","m"
2014-05-15,48,"G-B61",2,"f","f"
2014-05-15,39,"O-C49",2,"m","u"
2014-05-15,45,"O-C44",2,"m","m"
2014-05-15,44,"G-B62",2,"f","f"
2014-05-15,36,"O-C48",2,"u","u"
2014-05-15,43,"G-B63",2,"m","m"
2014-05-15,43,"G-B64",2,"f","f"
2014-05-15,40,"G-B65",2,"m","m"
2014-05-16,39,"G-B66",2,"u","u"
2014-05-16,49,"G-B67",2,"f","f"
2014-05-16,46,"G-B69",2,"m","m"
2014-05-16,49,"G-B70",2,"f","f"
2014-05-16,45,"G-B71",2,"m","m"
2014-05-16,47,"G-B72",2,"f","f"
2014-05-16,40,"G-B73",2,"u","m"
2014-05-16,43,"G-B74",2,"f","f"
2014-05-16,44,"G-B75",2,"f","f"
2014-05-16,39,"G-B76",2,"u","u"
2014-05-18,39,"G-B77",2,"u","u"
2014-05-18,41,"G-B79",2,"f","f"
2014-05-18,41,"G-B80",2,"f","f"
2014-05-18,42,"G-B81",2,"f","f"
2014-05-18,41,"G-B82",2,"m","m"
2014-05-18,44,"G-B83",2,"f","f"
2014-05-18,38,"G-B84",2,"u","u"
2014-05-18,48,"G-B85",2,"f","f"
2014-05-18,46,"G-B86",2,"m","m"
2014-05-18,41,"O-C75",2,"f","f"
2014-05-18,39,"G-B87",2,"u","u"
2014-05-18,37,"G-B89",2,"u","u"
2014-05-18,40,"O-C73",2,"f","f"
2014-05-18,41,"G-B90",2,"m","m"
2014-05-18,44,"G-B91",2,"f","f"
2014-05-19,38,"G-B92",2,"m","u"
2014-05-19,42,"G-B93",2,"m","m"
2014-05-19,41,"G-B94",2,"m","m"
2014-05-19,37,"G-B95",2,"u","u"
2014-05-19,42,"G-B96",2,"m","m"
2014-05-19,42,"G-B97",2,"f","f"
2014-05-19,45,"O-E88",2,"m","m"
2014-05-19,39,"G-B99",2,"u","u"
2014-05-19,43,"O-C91",2,"m","m"
2014-05-19,42,"O-C92",2,"m","m"
2014-05-19,40,"O-C93",2,"m","m"
2014-05-19,40,"O-C94",2,"m","f"
2014-05-19,40,"O-C95",2,"m","m"
2014-05-19,38,"O-C96",2,"m","u"
2014-05-19,41,"O-C97",2,"m","m"
2014-05-19,41,"O-C98",2,"m","m"
2014-05-19,45,"O-C99",2,"f","m"
2014-05-19,38,"R-A00",2,"u","u"
2014-05-19,40,"R-A01",2,"m","m"
2014-05-19,41,"R-A02",2,"m","m"
2014-05-19,40,"R-A03",2,"m","m"
2014-05-19,38,"R-A04",2,"m","u"
2014-05-20,48,"O-E44",2,"m","f"
2014-05-20,37,"R-A05",2,"u","u"
2014-05-20,50,"O-E39",2,"f","f"
2014-05-20,44,"R-A06",2,"m","m"
2014-05-20,43,"R-A07",2,"m","m"
2014-05-20,44,"R-A09",2,"m","m"
2014-05-20,45,"R-A10",2,"m","m"
2014-05-20,44,"R-A11",2,"m","m"
2014-05-20,43,"R-A12",2,"m","m"
2014-05-20,46,"R-A13",2,"m","m"
2014-05-20,40,"R-A14",2,"f","f"
2014-05-20,52,"R-A15",2,"f","f"
2014-05-20,40,"R-A16",2,"u","f"
2014-05-20,46,"R-A17",2,"f","m"
2014-05-20,44,"R-A18",2,"m","m"
2014-05-20,50,"R-A19",2,"f","f"
2014-05-20,43,"R-A20",2,"m","m"
2014-05-20,40,"O-E52",2,"f","f"
2014-05-20,45,"R-A21",2,"m","m"
2014-05-20,41,"O-E53",2,"m","m"
2014-05-20,41,"R-A22",2,"f","f"
2014-05-20,42,"R-A23",2,"m","m"
2014-05-20,49,"R-A24",2,"m","f"
2014-05-21,41,"R-A25",2,"m","m"
2014-05-21,44,"R-A26",2,"m","m"
2014-05-21,40,"R-A27",2,"m","m"
2014-05-21,42,"R-A28",2,"f","f"
2014-05-21,45,"R-A29",2,"m","m"
2014-05-21,34,"R-A30",2,"u","u"
2014-05-21,40,"R-A31",2,"m","m"
2014-05-21,40,"R-A32",2,"m","m"
2014-05-21,40,"R-A33",2,"m","m"
2014-05-21,39,"R-A34",2,"u","u"
2014-05-21,39,"R-A35",2,"u","u"
2014-05-21,43,"R-A36",2,"m","m"
2014-05-21,40,"R-A37",2,"m","m"
2014-05-21,44,"R-A39",2,"f","f"
2014-05-21,40,"R-A40",2,"f","f"
2014-05-21,40,"R-A41",2,"m","m"
2014-05-21,38,"R-A42",2,"u","u"
2014-05-21,45,"R-A43",2,"f","f"
2014-05-21,41,"R-A44",2,"m","m"
2014-05-21,40,"R-A45",2,"m","m"
2014-05-21,41,"R-A46",2,"m","m"
2014-05-21,40,"R-A47",2,"f","f"
2014-05-21,43,"R-A48",2,"m","m"
2014-05-21,46,"R-A49",2,"f","f"
2014-05-21,41,"R-A50",2,"f","f"
2014-05-21,47,"R-A51",2,"m","m"
2014-05-21,41,"R-A52",2,"m","m"
2014-05-21,41,"R-A53",2,"m","m"
2014-05-21,44,"O-C50",2,"f","f"
2014-05-26,41,"R-A54",2,"f","f"
2014-05-26,43,"R-A55",2,"m","m"
2014-05-26,45,"R-A56",2,"f","f"
2014-05-26,44,"R-A59",2,"f","f"
2014-05-26,45,"R-A61",2,"m","m"
2014-05-26,41,"O-E81",2,"m","m"
2014-05-26,40,"R-A62",2,"m","m"
2014-05-26,42,"R-A63",2,"m","m"
2014-05-26,46,"O-E76",2,"f","m"
2014-05-26,42,"R-A64",2,"m","m"
2014-05-26,48,"R-A65",2,"f","f"
2014-05-26,42,"O-O81",2,"m","m"
2014-05-26,42,"R-A67",2,"f","f"
2014-05-26,44,"R-A60",2,"m","m"
2014-05-26,38,"O-E71",2,"u","u"
2014-05-26,49,"R-A69",2,"m","m"
2014-05-26,39,"O-E80",2,"u","u"
2014-05-26,45,"R-A70",2,"m","m"
2014-05-26,44,"R-A71",2,"m","m"
2014-05-26,40,"R-A72",2,"f","f"
2014-05-26,48,"R-A73",2,"f","f"
2014-05-26,43,"R-A74",2,"m","m"
2014-05-26,46,"R-A75",2,"m","m"
2014-05-26,42,"O-E83",2,"m","m"
2014-05-26,42,"R-A76",2,"f","f"
2014-05-26,43,"R-A77",2,"f","f"
2014-05-26,41,"R-A79",2,"m","m"
2014-05-26,43,"R-A80",2,"m","m"
2014-05-26,43,"R-A81",2,"f","f"
2014-05-26,45,"R-A82",2,"f","f"
2014-05-26,40,"R-A83",2,"m","m"
2014-05-26,41,"R-A84",2,"m","m"
2014-05-26,40,"R-A85",2,"m","m"
2014-05-29,50,"R-A86",2,"f","f"
2014-05-29,39,"R-A87",2,"u","u"
2014-05-29,41,"R-A89",2,"m","m"
2014-05-29,43,"R-A90",2,"m","m"
2014-05-29,43,"R-A91",2,"m","m"
2014-05-29,47,"R-A92",2,"m","m"
2014-06-09,40,"O-O00",3,"m","m"
2014-06-09,42,"O-O01",3,"m","m"
2014-06-09,38,"G-B66",3,"u","u"
2014-06-09,42,"O-O02",3,"m","m"
2014-06-09,53,"O-O03",3,"f","f"
2014-06-09,43,"R-A97",3,"m","m"
2014-06-09,47,"G-B75",3,"f","f"
2014-06-09,44,"O-O04",3,"f","f"
2014-06-09,39,"O-O06",3,"u","u"
2014-06-09,43,"O-E53",3,"m","m"
2014-06-09,41,"O-O05",3,"m","m"
2014-06-09,43,"R-A93",3,"f","f"
2014-06-09,45,"R-A94",3,"f","f"
2014-06-09,42,"R-A95",3,"m","m"
2014-06-09,45,"R-A96",3,"f","f"
2014-06-09,49,"O-E54",3,"f","f"
2014-06-09,39,"G-B73",3,"u","u"
2014-06-09,41,"G-B74",3,"f","f"
2014-06-09,41,"R-A99",3,"m","m"
2014-06-09,48,"R-A24",3,"m","m"
2014-06-09,42,"R-A23",3,"m","m"
2014-06-10,48,"O-E44",3,"m","m"
2014-06-10,51,"O-O07",3,"f","f"
2014-06-10,45,"R-A13",3,"m","m"
2014-06-10,46,"R-A17",3,"f","f"
2014-06-10,47,"O-E39",3,"f","f"
2014-06-10,44,"O-O10",3,"m","m"
2014-06-10,45,"R-A10",3,"m","m"
2014-06-10,41,"O-O11",3,"f","f"
2014-06-10,45,"R-A09",3,"m","m"
2014-06-10,44,"R-A06",3,"m","m"
2014-06-10,40,"R-A20",3,"m","m"
2014-06-10,38,"R-A16",3,"u","u"
2014-06-10,42,"G-M00",3,"m","m"
2014-06-10,49,"O-O09",3,"f","f"
2014-06-10,50,"G-M01",3,"f","f"
2014-06-10,40,"O-O12",3,"m","m"
2014-06-11,43,"O-O13",3,"m","m"
2014-06-11,51,"O-O14",3,"f","f"
2014-06-11,49,"O-O15",3,"f","f"
2014-06-11,43,"O-O16",3,"m","m"
2014-06-11,48,"O-O17",3,"f","f"
2014-06-11,45,"G-B44",3,"m","m"
2014-06-11,43,"G-B49",3,"m","m"
2014-06-11,50,"O-O19",3,"f","f"
2014-06-11,46,"O-O20",3,"m","m"
2014-06-11,43,"G-B35",3,"m","m"
2014-06-11,41,"O-O21",3,"m","m"
2014-06-11,42,"O-O22",3,"m","m"
2014-06-11,40,"O-O23",3,"m","m"
2014-06-11,41,"O-O24",3,"m","m"
2014-06-11,43,"O-O25",3,"m","m"
2014-06-11,45,"G-B32",3,"m","m"
2014-06-11,45,"O-E58",3,"m","m"
2014-06-11,47,"O-O26",3,"f","f"
2014-06-11,42,"G-M02",3,"m","m"
2014-06-11,44,"G-M03",3,"f","f"
2014-06-11,43,"G-M04",3,"m","m"
2014-06-11,43,"O-E66",3,"m","m"
2014-06-11,40,"G-M05",3,"m","m"
2014-06-11,42,"G-M06",3,"m","m"
2014-06-11,45,"G-M07",3,"m","m"
2014-06-11,39,"G-M08",3,"u","u"
2014-06-11,42,"G-M09",3,"m","m"
2014-06-11,39,"G-M10",3,"u","u"
2014-06-11,41,"G-M11",3,"m","m"
2014-06-11,38,"G-M12",3,"u","u"
2014-06-11,44,"G-M13",3,"f","f"
2014-06-11,41,"G-M14",3,"m","m"
2014-06-12,45,"G-M15",3,"f","f"
2014-06-12,38,"G-B99",3,"u","u"
2014-06-12,43,"G-M16",3,"m","m"
2014-06-12,43,"O-E93",3,"f","f"
2014-06-12,46,"G-M17",3,"m","m"
2014-06-12,37,"O-C96",3,"m","u"
2014-06-12,39,"G-M19",3,"u","u"
2014-06-12,39,"G-M20",3,"u","u"
2014-06-12,45,"G-M21",3,"m","m"
2014-06-12,42,"G-M22",3,"f","f"
2014-06-12,44,"O-O27",3,"m","m"
2014-06-12,47,"O-C99",3,"f","f"
2014-06-12,41,"R-A03",3,"m","m"
2014-06-12,42,"O-O29",3,"f","f"
2014-06-12,41,"O-O30",3,"m","m"
2014-06-12,45,"O-O31",3,"f","f"
2014-06-12,41,"O-O32",3,"m","m"
2014-06-12,40,"O-O34",3,"m","m"
2014-06-12,47,"O-E92",3,"f","f"
2014-06-12,48,"O-O35",3,"f","f"
2014-06-12,45,"O-O36",3,"f","f"
2014-06-12,45,"O-O37",3,"f","f"
2014-06-12,42,"O-O39",3,"m","m"
2014-06-12,40,"O-O40",3,"m","m"
2014-06-12,42,"O-O41",3,"f","f"
2014-06-12,43,"G-B94",3,"m","m"
2014-06-13,45,"O-C08",3,"f","f"
2014-06-13,39,"G-M23",3,"u","u"
2014-06-13,46,"O-C14",3,"m","m"
2014-06-13,47,"G-M24",3,"f","f"
2014-06-13,43,"G-B02",3,"m","m"
2014-06-13,42,"G-M25",3,"m","m"
2014-06-13,41,"G-M26",3,"m","m"
2014-06-13,40,"G-M27",3,"m","m"
2014-06-13,42,"G-M28",3,"m","m"
2014-06-13,36,"O-C15",3,"u","u"
2014-06-13,38,"O-C09",3,"u","u"
2014-06-13,44,"G-M29",3,"f","f"
2014-06-13,39,"G-M30",3,"u","u"
2014-06-13,41,"G-M31",3,"f","f"
2014-06-13,42,"G-M32",3,"m","m"
2014-06-13,41,"G-B22",3,"m","m"
2014-06-13,37,"G-B23",3,"u","u"
2014-06-13,44,"G-M33",3,"f","f"
2014-06-13,46,"O-O42",3,"f","f"
2014-06-13,45,"O-O43",3,"m","m"
2014-06-13,47,"G-B07",3,"f","f"
2014-06-13,40,"O-O44",3,"m","m"
2014-06-13,45,"O-O45",3,"m","m"
2014-06-13,38,"O-O46",3,"u","u"
2014-06-13,41,"G-B05",3,"m","m"
2014-06-13,41,"O-O47",3,"m","m"
2014-06-13,44,"O-O49",3,"m","m"
2014-06-13,45,"O-O50",3,"m","m"
2014-06-13,42,"O-O51",3,"m","m"
2014-06-13,40,"O-C13",3,"m","m"
2014-06-13,45,"O-O52",3,"f","f"
2014-06-13,46,"O-C32",3,"m","m"
2014-06-13,44,"O-O53",3,"m","m"
2014-06-13,46,"O-O54",3,"m","m"
2014-06-13,45,"O-O55",3,"f","f"
2014-06-13,47,"O-O56",3,"f","f"
2014-06-13,37,"O-C38",3,"u","u"
2014-06-13,45,"G-B26",3,"f","f"
2014-06-13,39,"O-O57",3,"u","u"
2014-06-13,42,"O-O59",3,"f","f"
2014-06-13,39,"O-O60",3,"u","u"
2014-06-13,47,"O-O61",3,"f","f"
2014-06-13,45,"O-O62",3,"f","f"
2014-06-13,44,"G-M34",3,"m","m"
2014-06-16,43,"O-O63",3,"m","m"
2014-06-16,40,"R-A37",3,"m","m"
2014-06-16,42,"O-O64",3,"m","m"
2014-06-16,43,"O-O65",3,"f","f"
2014-06-16,43,"R-A48",3,"m","m"
2014-06-16,43,"O-O66",3,"m","m"
2014-06-16,41,"O-O67",3,"m","m"
2014-06-16,48,"O-O69",3,"f","f"
2014-06-16,49,"G-B62",3,"f","f"
2014-06-16,50,"G-B61",3,"f","f"
2014-06-16,42,"O-C49",3,"m","m"
2014-06-20,39,"G-M54",3,"u","u"
2014-06-20,39,"G-M55",3,"u","u"
2014-06-20,46,"G-M56",3,"f","f"
2014-06-20,52,"G-M57",3,"f","f"
2014-06-20,40,"O-C94",3,"m","m"
2014-06-20,41,"R-A89",3,"m","m"
2014-06-20,42,"G-M59",3,"m","m"
2014-06-20,41,"G-B92",3,"m","m"
2014-06-20,40,"R-A04",3,"m","m"
2014-06-20,41,"O-O90",3,"f","f"
2014-06-20,46,"O-O91",3,"f","f"
2014-06-20,43,"O-O92",3,"m","m"
2014-06-20,40,"O-O93",3,"m","m"
2014-06-20,42,"O-O94",3,"m","m"
2014-06-19,39,"O-O70",3,"u","u"
2014-06-19,42,"O-O71",3,"m","m"
2014-06-19,41,"O-O72",3,"m","m"
2014-06-19,41,"O-O73",3,"m","m"
2014-06-19,46,"O-O74",3,"f","f"
2014-06-19,43,"O-O75",3,"m","m"
2014-06-19,45,"O-O76",3,"f","f"
2014-06-19,47,"O-O77",3,"m","m"
2014-06-19,36,"O-O79",3,"u","u"
2014-06-19,49,"O-O80",3,"f","f"
2014-06-19,42,"O-O81",3,"m","m"
2014-06-19,47,"O-E76",3,"f","f"
2014-06-19,41,"O-O82",3,"m","m"
2014-06-19,45,"O-E74",3,"f","f"
2014-06-19,45,"O-O83",3,"f","f"
2014-06-19,41,"O-O84",3,"m","m"
2014-06-19,39,"O-O85",3,"u","u"
2014-06-19,40,"O-O86",3,"m","m"
2014-06-19,41,"O-O87",3,"m","m"
2014-06-19,45,"O-O89",3,"m","m"
2014-06-19,41,"G-B82",3,"m","m"
2014-06-19,40,"G-M35",3,"f","f"
2014-06-19,38,"G-M36",3,"u","u"
2014-06-19,46,"G-M37",3,"f","f"
2014-06-19,40,"G-M39",3,"m","m"
2014-06-19,39,"G-M40",3,"u","u"
2014-06-19,43,"G-M41",3,"m","m"
2014-06-19,39,"G-M42",3,"u","u"
2014-06-19,45,"G-M43",3,"m","m"
2014-06-19,38,"G-M44",3,"u","u"
2014-06-19,41,"R-A60",3,"m","m"
2014-06-19,43,"G-M45",3,"m","m"
2014-06-19,47,"R-A65",3,"f","f"
2014-06-19,40,"G-M46",3,"m","m"
2014-06-19,46,"G-M47",3,"f","f"
2014-06-19,40,"O-E81",3,"m","m"
2014-06-19,42,"R-A54",3,"f","f"
2014-06-19,40,"G-M49",3,"m","m"
2014-06-19,36,"G-M50",3,"u","u"
2014-06-19,38,"G-M51",3,"u","u"
2014-06-19,39,"G-M52",3,"u","u"
2014-06-19,42,"G-M53",3,"m","m"
2014-09-26,51,"O-E62",4,"f","f"
2014-09-26,39,"O-O95",4,"u","u"
2014-09-26,50,"O-O96",4,"m","m"
2014-09-26,47,"O-O97",4,"m","m"
2014-09-26,45,"O-O99",4,"f","f"
2014-09-26,53,"R-N00",4,"f","f"
2014-09-28,45,"O-C96",4,"m","m"
2014-09-28,45,"R-N01",4,"m","m"
2014-09-28,47,"R-N02",4,"m","m"
2014-09-28,45,"R-A91",4,"m","m"
2014-10-03,45,"R-N03",4,"m","m"
2014-10-03,36,"R-N04",4,"f","u"
2014-10-03,36,"R-N05",4,"u","u"
2014-10-03,42,"R-N06",4,"f","f"
2014-10-03,39,"R-N07",4,"u","u"
2014-10-03,40,"R-N09",4,"m","m"
2014-10-03,44,"R-N10",4,"f","f"
2014-10-03,36,"R-N11",4,"f","u"
2014-10-03,38,"R-N12",4,"f","u"
2014-10-03,38,"R-N13",4,"f","u"
2014-10-03,40,"R-N14",4,"f","f"
2014-10-03,39,"R-N15",4,"u","u"
2014-10-03,47,"R-N16",4,"m","m"
2014-10-03,43,"R-N19",4,"f","f"
2014-10-03,38,"R-N20",4,"u","u"
2014-10-03,41,"R-N21",4,"f","f"
2014-10-03,45,"G-B71",4,"m","m"
2014-10-03,39,"R-N22",4,"m","u"
2014-10-03,35,"R-N23",4,"u","u"
2014-10-03,43,"R-N24",4,"f","f"
2014-10-03,36,"R-N25",4,"f","u"
2014-10-17,47,"G-M67",4,"m","m"
2014-10-17,36,"G-M69",4,"u","u"
2014-10-17,44,"G-M64",4,"m","m"
2014-10-17,41,"G-M70",4,"m","m"
2014-10-17,40,"R-N26",4,"f","f"
2014-10-17,45,"R-N31",4,"m","m"
2014-10-24,36,"R-N33",5,"u","u"
2014-10-24,38,"R-N34",5,"u","u"
2014-10-24,35,"R-N35",5,"m","u"
2014-10-24,41,"R-N36",5,"f","f"
2014-10-24,42,"R-N37",5,"f","f"
2014-10-24,34,NA,5,"u","u"
2014-10-24,36,"R-N39",5,"u","u"
2014-10-24,40,"R-N40",5,"m","m"
2014-10-24,40,"R-N41",5,"f","f"
2014-10-24,35,"R-N42",5,"u","u"
2014-10-24,36,"R-N43",5,"u","u"
2014-10-24,39,"R-N44",5,"u","u"
2014-10-24,38,"R-N45",5,"u","u"
2014-10-24,36,"R-N46",5,"u","u"
2014-10-24,40,"R-N47",5,"f","f"
2014-10-24,36,"R-N49",5,"u","u"
2014-10-24,32,NA,5,"u","u"
2014-10-24,50,"O-C33",5,"f","f"
2014-10-24,37,"G-M71",5,"m","u"
2014-10-24,42,"G-M72",5,"f","f"
2014-10-24,36,"G-M73",5,"u","u"
2014-10-24,45,"G-M74",5,"m","m"
2014-10-24,40,"G-M75",5,"f","f"
2014-10-24,41,"G-M76",5,"f","f"
2014-10-24,38,"G-M77",5,"u","u"
2014-10-24,43,"G-M79",5,"f","f"
2014-10-24,41,"G-M80",5,"m","f"
2014-10-24,45,"G-M81",5,"m","m"
2014-10-24,36,"G-M82",5,"u","u"
2014-10-24,50,"R-N50",5,"f","f"
2014-10-24,43,"R-N51",5,"m","m"
2014-10-27,44,"O-C96",5,"m","m"
2014-10-27,41,"G-M84",5,"m","f"
2014-10-27,39,"R-N53",5,"m","u"
2014-10-27,38,"R-N54",5,"u","u"
2014-10-27,41,"R-N55",5,"f","f"
2014-10-27,39,"G-M87",5,"m","u"
2014-10-27,34,NA,5,"u","u"
2014-10-27,39,"R-N57",5,"u","u"
2014-10-27,44,"R-N59",5,"f","f"
2014-10-27,38,"R-N60",5,"u","u"
2014-10-27,33,NA,5,"u","u"
2014-10-27,21,NA,5,"u","u"
2014-10-27,33,NA,5,"u","u"
2014-10-27,29,NA,5,"u","u"
2014-10-27,32,NA,5,"u","u"
2014-10-27,31,NA,5,"u","u"
2014-10-27,29,NA,5,"u","u"
2014-10-27,33,NA,5,"u","u"
2014-10-27,33,NA,5,"u","u"
2014-10-27,28,NA,5,"u","u"
2014-10-30,34,"X-X00",5,"u","u"
2014-10-30,41,"R-N61",5,"f","f"
2014-10-30,38,"R-N62",5,"m","u"
2014-10-30,41,"R-N63",5,"f","f"
2014-10-30,37,"R-N64",5,"u","u"
2014-10-30,37,"R-N65",5,"u","u"
2014-10-30,36,"R-N66",5,"u","u"
2014-10-30,41,"R-N67",5,"m","f"
2014-10-30,40,"R-N69",5,"f","f"
2014-10-30,48,"R-N70",5,"f","f"
2014-10-30,46,"R-N03",5,"m","m"
2014-10-30,44,"O-O00",5,"m","m"
2014-10-30,48,NA,5,"f","f"
2014-10-30,38,"R-N71",5,"u","u"
2014-10-30,43,"R-N72",5,"f","f"
2014-10-30,42,"R-N73",5,"f","f"
2014-10-30,46,"R-N74",5,"m","m"
2014-10-30,44,"R-N75",5,"f","f"
2014-10-30,43,"G-B71",5,"m","m"
2014-10-30,47,"R-N16",5,"m","m"
2014-10-30,40,"R-N76",5,"f","f"
2014-10-30,44,"R-N13",5,"f","f"
2014-10-30,44,"R-N14",5,"f","f"
2014-10-30,43,"R-N77",5,"m","m"
2014-10-30,42,"R-N79",5,"m","f"
2014-10-30,47,"R-N19",5,"f","f"
2014-10-30,42,"R-N12",5,"f","f"
2014-10-30,39,"R-N80",5,"u","u"
2014-10-30,38,"R-N90",5,"u","u"
2014-10-30,41,"R-N09",5,"m","m"
2014-10-30,38,"R-N91",5,"u","u"
2014-10-30,41,"R-N92",5,"m","m"
2014-10-30,44,"R-N93",5,"f","f"
2014-10-30,38,"R-N94",5,"u","u"
2014-10-30,41,"R-N25",5,"f","f"
2014-10-30,40,"R-N22",5,"m","m"
2014-10-30,38,"R-N95",5,"u","u"
2014-10-30,43,"R-N96",5,"f","f"
2014-10-30,40,"R-N97",5,"m","m"
2014-10-31,38,"O-D00",5,"u","u"
2014-10-31,41,"O-D01",5,"f","f"
2014-10-31,40,"R-N98",5,"m","m"
2014-10-31,42,"R-N99",5,"m","m"
2014-10-31,40,"O-D02",5,"m","m"
2014-10-31,36,"R-N81",5,"u","u"
2014-10-31,46,"O-O97",5,"m","m"
2014-10-31,43,"R-N82",5,"m","m"
2014-10-31,47,"O-O96",5,"m","m"
2014-10-31,46,"R-S01",5,"f","f"
2014-10-31,40,"R-S00",5,"f","f"
2014-10-31,35,NA,5,"u","u"
2014-10-31,42,"R-S03",5,"f","f"
2014-10-31,40,"R-S02",5,"m","m"
2014-10-31,45,"R-S04",5,"m","m"
2014-10-31,39,"R-S05",5,"u","u"
2014-10-31,37,"R-S07",5,"u","u"
2014-10-31,40,"R-S06",5,"f","f"
2014-10-31,44,"R-S10",5,"f","f"
2014-10-31,43,"R-S09",5,"f","f"
2014-10-31,45,"R-S11",5,"f","m"
2014-10-31,34,NA,5,"u","u"
2014-10-31,49,"O-O99",5,"f","f"
2014-10-31,40,"R-S12",5,"m","m"
2014-10-31,42,"R-S13",5,"m","m"
2014-10-31,40,"R-S14",5,"m","m"
2014-10-31,38,"R-S15",5,"u","u"
2014-10-31,43,"R-S16",5,"m","m"
2014-10-31,37,"R-S17",5,"u","u"
2014-10-31,43,"R-S19",5,"f","f"
2014-10-31,44,"R-S20",5,"f","f"
2014-10-31,42,"R-S21",5,"m","m"
2014-10-31,40,"R-S23",5,"f","f"
2014-10-31,46,"R-S22",5,"f","f"
2014-10-31,41,"R-S24",5,"m","m"
2014-10-31,44,"R-S25",5,"f","f"
2014-10-31,38,"R-S26",5,"u","u"
2014-10-31,38,"R-S29",5,"u","u"
2014-10-31,41,"R-S27",5,"m","m"
2014-10-31,40,"R-S30",5,"f","f"
2014-10-31,42,"R-S32",5,"m","m"
2014-10-31,38,"R-S31",5,"u","u"
2014-10-31,36,"R-S33",5,"u","u"
2014-10-31,40,"R-S34",5,"m","m"
2014-10-31,50,"O-E78",5,"f","f"
2014-10-31,40,"R-S36",5,"m","m"
2014-10-31,42,"R-S35",5,"f","f"
2014-10-31,43,"R-S37",5,"m","m"
2014-10-31,41,"R-S39",5,"f","f"
2014-10-31,41,"R-S40",5,"f","f"
2014-10-31,43,"R-S41",5,"m","m"
2014-11-01,36,"O-D03",5,"u","u"
2014-11-01,41,"O-D05",5,"f","f"
2014-11-01,40,"O-D06",5,"f","f"
2014-11-01,38,"O-D07",5,"u","u"
2014-11-01,44,"O-D09",5,"m","m"
2014-11-01,37,"O-D10",5,"u","u"
2014-11-01,38,"O-D11",5,"u","u"
2014-11-01,37,"O-D12",5,"u","u"
2014-11-01,45,"R-N31",5,"m","m"
2014-11-01,36,"O-D13",5,"u","u"
2014-11-01,45,"G-M64",5,"m","m"
2014-11-01,39,"O-D14",5,"u","u"
2014-11-01,40,"O-D15",5,"f","f"
2014-11-01,43,"O-D16",5,"f","f"
2014-11-01,36,"O-D17",5,"u","u"
2014-11-01,43,"O-D19",5,"f","f"
2014-11-01,41,"G-M70",5,"m","m"
2014-11-01,36,"O-D20",5,"u","u"
2014-11-01,41,"O-D21",5,"f","f"
2015-04-05,42,"R-S56",6,"f","f"
2015-04-05,43,"R-S57",6,"m","m"
2015-04-05,41,"R-S59",6,"m","m"
2015-04-05,43,"R-S60",6,"f","f"
2015-04-05,46,"R-S61",6,"m","m"
2015-04-05,46,"O-C96",6,"m","m"
2015-04-05,40,"R-S62",6,"m","m"
2015-04-05,41,"R-S63",6,"m","m"
2015-04-05,42,"R-S64",6,"m","m"
2015-04-05,43,"R-S65",6,"m","m"
2015-04-05,49,"R-S66",6,"f","f"
2015-04-05,40,"R-S67",6,"f","f"
2015-04-05,41,"R-S69",6,"m","m"
2015-04-05,48,"R-S70",6,"f","f"
2015-04-05,42,"G-M84",6,"m","m"
2015-04-05,41,"R-S71",6,"f","f"
2015-04-05,44,"R-S72",6,"m","m"
2015-04-05,45,"R-S73",6,"f","f"
2015-04-05,41,"R-S74",6,"m","m"
2015-04-05,39,"R-S75",6,"m","u"
2015-04-05,45,"R-S76",6,"f","f"
2015-04-05,45,"R-S77",6,"f","f"
2015-04-05,42,"R-S79",6,"m","m"
2015-04-05,45,"R-N59",6,"f","f"
2015-04-05,46,"R-S80",6,"m","m"
2015-04-05,42,"O-D25",6,"m","m"
2015-04-05,49,"O-D27",6,"f","f"
2015-04-05,41,"O-D29",6,"m","m"
2015-04-05,45,NA,6,"u","u"
2015-04-05,39,"O-D30",6,"u","u"
2015-04-05,41,"O-D31",6,"m","m"
2015-04-05,45,"O-D32",6,"m","m"
2015-04-05,44,"O-D33",6,"f","f"
2015-04-05,45,"O-D34",6,"f","f"
2015-04-05,44,"O-D36",6,"m","m"
2015-04-05,40,"O-D37",6,"m","m"
2015-04-05,40,"O-D39",6,"m","m"
2015-04-05,49,"O-D41",6,"f","f"
2015-04-05,41,"O-D40",6,"m","m"
2015-04-05,44,"O-D42",6,"m","m"
2015-04-05,45,"O-D43",6,"f","f"
2015-04-05,42,"G-M87",6,"m","m"
2015-04-05,44,"O-D45",6,"m","m"
2015-04-05,43,"O-D46",6,"f","f"
2015-04-05,45,"O-D49",6,"f","f"
2015-04-05,41,"O-D51",6,"m","m"
2015-04-05,41,"O-D50",6,"m","m"
2015-04-05,40,"O-D52",6,"m","m"
2015-04-05,48,"O-D53",6,"f","f"
2015-04-05,43,"O-D54",6,"f","f"
2015-04-05,41,"O-D44",6,"f","m"
2015-04-17,43,"O-D55",6,"m","m"
2015-04-17,43,"O-D56",6,"m","m"
2015-04-17,47,"O-D57",6,"f","f"
2015-04-17,42,"O-D59",6,"m","m"
2015-04-17,43,"O-D60",6,"m","m"
2015-04-17,41,"O-D61",6,"f","f"
2015-04-17,38,"O-D62",6,"u","u"
2015-04-17,43,"O-D63",6,"m","m"
2015-04-17,47,"O-D64",6,"f","f"
2015-04-17,46,"O-D65",6,"f","f"
2015-04-17,42,"R-S81",6,"m","m"
2015-04-17,40,"R-S82",6,"m","m"
2015-04-17,46,"G-M32",6,"m","m"
2015-04-17,38,"R-S83",6,"u","u"
2015-04-17,46,"R-S84",6,"f","f"
2015-04-17,42,"R-S85",6,"f","f"
2015-04-17,46,"R-S86",6,"f","f"
2015-04-17,43,"R-S87",6,"m","m"
2015-04-17,45,"R-S89",6,"f","f"
2015-04-17,44,"R-S90",6,"m","m"
2015-04-17,44,"R-S91",6,"m","m"
2015-04-17,44,"R-S92",6,"f","f"
2015-04-17,46,"R-S93",6,"f","f"
2015-04-17,44,"R-S94",6,"f","f"
2015-04-17,42,"R-S95",6,"m","m"
2015-04-17,43,"R-S96",6,"m","m"
2015-04-18,45,"R-S97",6,"f","f"
2015-04-18,41,"R-S99",6,"m","m"
2015-04-18,44,"O-D69",6,"m","m"
2015-04-18,45,"R-R01",6,"f","f"
2015-04-18,41,"R-R02",6,"m","m"
2015-04-18,47,"O-O52",6,"f","f"
2015-04-18,44,"R-R03",6,"m","m"
2015-04-18,45,"R-R05",6,"f","f"
2015-04-18,44,"R-R06",6,"m","m"
2015-04-18,47,"R-R07",6,"f","f"
2015-04-18,39,"R-R09",6,"m","u"
2015-04-18,44,"R-R10",6,"f","f"
2015-04-18,43,"R-R11",6,"f","f"
2015-04-18,40,"R-R12",6,"m","m"
2015-04-18,36,"R-R13",6,"u","u"
2015-04-18,50,"R-N50",6,"f","f"
2015-04-18,42,"R-R14",6,"f","f"
2015-04-18,42,"R-R15",6,"m","m"
2015-04-18,41,"R-R16",6,"m","m"
2015-04-18,39,"X-X00",6,"u","u"
2015-04-18,43,"R-R17",6,"m","m"
2015-04-18,43,"R-N62",6,"m","m"
2015-04-18,49,"R-R19",6,"f","f"
2015-04-18,40,"R-R20",6,"m","m"
2015-04-18,40,"R-R21",6,"f","f"
2015-04-18,40,"O-D66",6,"u","m"
2015-04-18,46,"O-D67",6,"f","f"
2015-04-18,41,"R-R00",6,"m","m"
2015-04-18,49,"O-D71",6,"f","f"
2015-04-18,41,"O-D70",6,"m","m"
2015-04-18,44,"R-N35",6,"m","m"
2015-04-18,45,"O-D72",6,"m","m"
2015-04-18,39,"O-D73",6,"u","u"
2015-04-18,41,"G-M71",6,"m","m"
2015-04-18,39,"O-D74",6,"u","u"
2015-04-18,40,"O-D75",6,"m","m"
2015-04-18,46,"O-D76",6,"f","f"
2015-04-18,40,"O-D77",6,"m","m"
2015-04-18,41,"O-D79",6,"f","f"
2015-04-18,39,"R-N49",6,"u","u"
2015-04-18,39,"O-D80",6,"u","u"
2015-04-18,43,"O-D81",6,"f","f"
2015-04-18,39,"O-D82",6,"u","u"
2015-04-18,47,"O-D83",6,"f","f"
2015-04-18,44,"O-D84",6,"f","f"
2015-04-18,42,"O-D85",6,"m","m"
2015-04-18,47,"R-N61",6,"f","f"
2015-04-18,43,"O-D87",6,"f","f"
2015-04-18,38,"O-D90",6,"u","u"
2015-04-18,50,"O-D91",6,"f","f"
2015-04-19,48,"O-D94",6,"f","f"
2015-04-19,47,"O-D95",6,"f","f"
2015-04-19,43,"O-D96",6,"f","f"
2015-04-19,40,"O-D97",6,"m","m"
2015-04-19,46,"O-D99",6,"m","m"
2015-04-19,48,"R-R22",6,"f","f"
2015-04-19,47,"R-N69",6,"f","f"
2015-04-19,44,"R-N67",6,"m","m"
2015-04-19,45,"R-R23",6,"f","f"
2015-04-19,45,"R-R24",6,"f","f"
2015-04-19,41,"R-R25",6,"m","m"
2015-04-19,46,"R-R26",6,"f","f"
2015-04-19,46,"R-R27",6,"f","f"
2015-04-19,42,"R-N11",6,"f","f"
2015-04-19,44,"R-N12",6,"f","f"
2015-04-19,45,"R-R29",6,"f","f"
2015-04-19,40,"R-R30",6,"f","f"
2015-04-19,44,"G-B71",6,"m","m"
2015-04-19,47,"R-N75",6,"f","f"
2015-04-19,45,"R-R31",6,"f","m"
2015-04-19,41,"R-R32",6,"m","m"
2015-04-19,42,"R-N79",6,"m","m"
2015-04-19,46,"R-R33",6,"f","f"
2015-04-19,46,"R-R34",6,"f","f"
2015-04-19,49,"R-R35",6,"f","f"
2015-04-19,49,"R-N19",6,"f","f"
2015-04-19,43,"R-R36",6,"f","f"
2015-04-19,42,"O-O00",6,"m","m"
2015-04-19,43,"R-R37",6,"f","f"
2015-04-19,43,"R-R39",6,"m","m"
2015-04-19,51,"R-N24",6,"f","f"
2015-04-19,44,"R-N04",6,"f","f"
2015-04-19,46,"R-R40",6,"f","f"
2015-04-19,44,"R-N25",6,"f","f"
2015-04-19,42,"R-R41",6,"m","m"
2015-04-19,45,"R-R42",6,"m","m"
2015-04-19,43,"R-R43",6,"f","f"
2015-04-22,40,"R-R44",6,"m","m"
2015-04-22,45,"R-R45",6,"f","f"
2015-04-22,43,"R-R46",6,"f","f"
2015-04-22,41,"R-R47",6,"m","m"
2015-04-22,41,"R-R49",6,"m","m"
2015-04-22,44,"R-R50",6,"f","f"
2015-04-22,43,"R-R51",6,"m","m"
2015-04-22,44,"R-R52",6,"m","m"
2015-04-22,45,"R-R54",6,"f","f"
2015-04-22,45,"O-G00",6,"f","f"
2015-04-22,43,"O-G01",6,"m","m"
2015-04-22,43,"O-G02",6,"f","f"
2015-04-22,43,"O-G03",6,"f","f"
2015-04-22,46,"G-M64",6,"m","m"
2015-04-22,40,"O-G04",6,"m","m"
2015-04-22,44,"O-G05",6,"f","f"
2015-04-22,42,"O-G06",6,"m","m"
2015-04-22,42,"O-G07",6,"m","m"
2015-04-22,40,"O-G09",6,"m","m"
2015-04-22,40,"O-G10",6,"m","m"
2015-04-22,38,"O-G11",6,"u","u"
2015-04-22,46,"O-G12",6,"f","f"
2015-04-22,44,"O-G13",6,"f","f"
2015-04-22,43,"O-G14",6,"f","f"
2015-04-22,36,"O-G15",6,"u","u"
2015-04-22,44,"O-G16",6,"f","f"
2015-04-24,42,"O-G17",6,"m","m"
2015-04-24,49,"O-G19",6,"f","f"
2015-04-24,42,"O-G20",6,"f","f"
2015-04-24,44,"O-G21",6,"m","m"
2015-04-24,40,"O-G22",6,"m","m"
2015-04-24,46,"O-G23",6,"f","f"
2015-04-24,41,"O-G25",6,"f","f"
2015-04-24,40,"O-G26",6,"f","f"
2015-04-24,42,"O-G27",6,"m","m"
2015-04-24,40,"O-G29",6,"f","f"
2015-04-24,40,"O-G30",6,"f","f"
2015-04-24,43,"O-G31",6,"f","f"
2015-04-24,41,"O-G32",6,"f","f"
2015-04-24,40,"O-G33",6,"m","m"
2015-04-24,48,"O-G34",6,"f","f"
2015-04-24,45,"O-G35",6,"f","f"
2015-04-24,46,"O-G36",6,"m","f"
2015-04-24,43,"O-G37",6,"f","f"
2015-04-24,44,"O-G39",6,"f","f"
2015-04-24,41,"O-G40",6,"m","m"
2015-04-24,39,"O-G41",6,"u","u"
2015-04-24,42,"R-R55",6,"f","f"
2015-04-24,44,"R-R56",6,"m","m"
2015-04-24,45,"R-R57",6,"f","f"
2015-04-24,46,"R-R59",6,"f","f"
2015-04-24,43,"R-R60",6,"f","f"
2015-04-24,45,"R-R61",6,"f","f"
2015-04-24,38,"R-R62",6,"u","u"
2015-04-24,40,"R-R63",6,"m","m"
2015-04-24,42,"R-R65",6,"m","m"
2015-04-24,41,"R-R66",6,"f","m"
2015-04-24,40,"R-R67",6,"m","f"
2015-04-24,40,"R-R69",6,"f","f"
2015-04-24,43,"R-R70",6,"m","m"
2015-04-24,38,"R-R71",6,"u","u"
2015-04-24,41,"R-R72",6,"m","m"
2015-04-24,41,"R-R73",6,"m","m"
2015-04-24,45,"R-R74",6,"m","m"
2015-04-24,41,"R-R75",6,"m","f"
2015-04-24,45,"R-R76",6,"f","f"
2015-04-24,45,"R-R77",6,"f","f"
2015-04-24,39,"R-R79",6,"u","u"
2015-04-24,44,"R-R90",6,"f","f"
2015-04-24,44,"R-R91",6,"f","f"
2015-04-24,42,"R-R92",6,"m","m"
2015-04-24,40,"R-R93",6,"m","m"
2015-04-24,45,"R-R94",6,"f","f"
2015-04-24,44,"R-R95",6,"m","m"
2015-04-24,46,"R-R96",6,"f","f"
2015-04-24,42,"R-R97",6,"m","m"
2015-04-25,40,"R-R98",6,"m","m"
2015-04-25,47,"R-R99",6,"f","f"
2015-04-25,43,"R-P00",6,"m","m"
2015-04-25,41,"R-P01",6,"f","f"
2015-04-25,44,"R-P02",6,"f","f"
2015-04-25,40,"R-P03",6,"m","m"
2015-04-25,50,"R-P04",6,"f","f"
2015-04-25,50,"R-P05",6,"f","f"
2015-04-25,43,"R-P06",6,"f","f"
2015-04-25,41,"R-P07",6,"m","m"
2015-04-25,41,"R-P09",6,"m","m"
2015-04-25,41,"O-G42",6,"f","f"
2015-04-25,44,"O-G43",6,"m","m"
2015-04-25,46,"O-E58",6,"m","m"
2015-04-25,40,"O-G44",6,"m","m"
2015-04-25,40,"O-G45",6,"m","m"
2015-04-25,44,"O-G46",6,"m","m"
2015-04-25,45,"O-G47",6,"f","f"
2015-04-25,42,"O-G49",6,"m","m"
2015-04-25,41,"R-N98",6,"m","m"
2015-04-25,42,"O-G50",6,"f","f"
2015-04-25,41,"R-N99",6,"m","m"
2015-04-28,42,"O-G51",6,"m","m"
2015-04-28,43,"O-G52",6,"m","m"
2015-04-28,47,"O-G53",6,"f","f"
2015-04-28,42,"O-G54",6,"m","m"
2015-04-28,44,"O-G55",6,"m","m"
2015-04-28,42,"O-G56",6,"m","m"
2015-04-28,47,"O-G57",6,"f","f"
2015-04-28,40,"O-G59",6,"m","m"
2015-04-28,51,"O-G60",6,"f","f"
2015-04-28,45,"O-G61",6,"f","f"
2015-04-28,48,"R-S22",6,"f","f"
2015-04-28,41,"O-G62",6,"f","f"
2015-04-28,49,"O-G63",6,"f","f"
2015-04-28,38,"O-G64",6,"u","u"
2015-04-28,45,"O-G65",6,"m","m"
2015-04-28,42,"O-G66",6,"m","m"
2015-04-28,40,"O-G67",6,"m","m"
2015-04-28,40,"O-G69",6,"m","m"
2015-04-28,47,"O-G70",6,"f","f"
2015-04-28,43,"R-S34",6,"m","m"
2015-04-28,44,"R-P10",6,"m","m"
2015-04-28,46,"R-P11",6,"f","f"
2015-04-28,44,"R-P12",6,"m","m"
2015-04-28,39,"R-P13",6,"u","u"
2015-04-28,40,"R-P14",6,"m","m"
2015-04-28,48,"R-P15",6,"f","f"
2015-04-28,41,"R-P16",6,"m","m"
2015-04-28,45,"O-E78",6,"f","f"
2015-04-28,49,"R-P17",6,"f","f"
2015-04-28,42,"R-P19",6,"m","m"
2015-04-28,43,"R-P20",6,"m","m"
2015-04-28,45,"R-P21",6,"f","f"
2015-04-28,39,"R-P22",6,"u","u"
2015-04-28,48,"R-P23",6,"f","f"
2015-05-01,48,"R-S01",6,"f","f"
2015-05-01,48,"O-G71",6,"f","f"
2015-05-01,47,"O-G72",6,"f","f"
2015-05-01,46,"O-G73",6,"f","f"
2015-05-01,40,"O-G74",6,"f","f"
2015-05-01,44,"O-G75",6,"f","f"
2015-05-01,47,"O-G76",6,"f","f"
2015-05-01,44,"O-G77",6,"f","f"
2015-05-01,43,"O-G79",6,"f","f"
2015-05-01,47,"O-G90",6,"f","f"
2015-05-01,43,"O-G91",6,"f","f"
2015-05-01,42,"O-G92",6,"m","m"
2015-05-01,42,"O-G93",6,"f","f"
2015-05-01,41,"O-G94",6,"m","m"
2015-05-01,42,"O-G95",6,"m","m"
2015-05-01,42,"O-G96",6,"f","f"
2015-05-01,41,"O-G97",6,"m","m"
2015-05-01,44,"O-G98",6,"f","f"
2015-05-01,46,"O-G99",6,"m","m"
2015-05-01,48,"R-S11",6,"f","f"
2015-05-01,48,"O-O96",6,"m","m"
2015-05-01,45,"R-S10",6,"f","f"
2015-05-01,45,"R-S06",6,"f","f"
2015-05-01,49,"R-P24",6,"f","f"
2015-05-01,47,"R-P25",6,"f","f"
2015-05-01,45,"R-P26",6,"f","f"
2015-05-01,45,"R-P27",6,"f","f"
2015-05-01,41,"R-P29",6,"m","m"
2015-05-01,41,"R-P30",6,"m","m"
2015-05-01,43,"R-P31",6,"f","f"
2015-05-01,41,"R-P32",6,"m","m"
2015-05-01,48,"R-P33",6,"f","f"
2015-05-01,42,"R-P34",6,"f","f"
2015-05-01,47,"R-P35",6,"f","f"
2015-05-01,47,"R-P36",6,"f","f"
2015-05-01,45,"R-P37",6,"m","m"
2015-05-01,46,"R-P39",6,"f","f"
2015-05-09,42,"G-J00",7,"m","m"
2015-05-09,43,"G-J01",7,"m","m"
2015-05-09,39,"G-J02",7,"u","u"
2015-05-09,44,"O-D46",7,"f","f"
2015-05-09,41,"O-D44",7,"f","f"
2015-05-09,41,"G-J03",7,"m","m"
2015-05-09,50,"G-J04",7,"f","f"
2015-05-09,49,"G-J05",7,"f","f"
2015-05-09,44,"O-D54",7,"f","f"
2015-05-09,38,NA,7,"u","u"
2015-05-09,49,"G-J06",7,"f","f"
2015-05-09,48,"G-J07",7,"f","f"
2015-05-09,40,"G-J08",7,"m","m"
2015-05-09,44,"G-J09",7,"m","m"
2015-05-09,41,"G-J10",7,"m","m"
2015-05-09,41,"G-J11",7,"m","f"
2015-05-09,40,"G-J12",7,"m","m"
2015-05-09,45,"G-J13",7,"f","f"
2015-05-09,47,"O-D49",7,"f","f"
2015-05-09,47,"R-P40",7,"f","f"
2015-05-09,49,"R-P41",7,"f","f"
2015-05-09,39,"R-P42",7,"u","u"
2015-05-09,43,"R-P43",7,"f","f"
2015-05-09,47,"R-P44",7,"f","f"
2015-05-09,41,"G-M87",7,"m","m"
2015-05-09,45,"R-P45",7,"f","f"
2015-05-09,39,"R-P46",7,"u","u"
2015-05-09,46,"R-P47",7,"f","f"
2015-05-09,44,"R-P49",7,"m","m"
2015-05-09,45,"R-P50",7,"f","f"
2015-05-09,41,"R-P51",7,"m","m"
2015-05-09,40,"R-P52",7,"m","m"
2015-05-09,46,"R-P53",7,"f","f"
2015-05-10,41,"R-S62",7,"m","m"
2015-05-10,40,"R-P54",7,"u","m"
2015-05-10,48,"R-S70",7,"f","f"
2015-05-10,45,NA,7,"m","m"
2015-05-10,40,"R-S63",7,"m","m"
2015-05-10,41,"R-P55",7,"m","m"
2015-05-10,45,"R-S73",7,"f","f"
2015-05-10,39,"R-P56",7,"m","u"
2015-05-10,41,"R-P57",7,"m","m"
2015-05-10,42,NA,7,"m","m"
2015-05-10,45,"R-P59",7,"f","f"
2015-05-10,45,"R-P60",7,"f","f"
2015-05-10,40,"R-S67",7,"f","f"
2015-05-10,47,"R-P61",7,"f","f"
2015-05-10,43,"R-P62",7,"m","m"
2015-05-10,48,"R-P63",7,"f","f"
2015-05-10,43,"R-P64",7,"f","f"
2015-05-10,40,"R-P65",7,"m","m"
2015-05-10,48,"G-J15",7,"f","f"
2015-05-10,43,"G-J16",7,"m","m"
2015-05-10,43,"G-J17",7,"f","f"
2015-05-10,49,"G-J20",7,"f","f"
2015-05-10,45,"R-S60",7,"f","f"
2015-05-10,44,"R-N53",7,"m","m"
2015-05-10,45,"G-J21",7,"f","f"
2015-05-10,41,"G-J22",7,"m","m"
2015-05-10,41,"G-J23",7,"m","m"
2015-05-10,42,"G-J24",7,"m","m"
2015-05-10,46,"G-J25",7,"m","m"
2015-05-10,45,"R-S56",7,"f","f"
2015-05-10,47,"G-J26",7,"f","f"
2015-05-10,45,"G-J27",7,"f","f"
2015-05-10,42,"G-J29",7,"f","f"
2015-05-10,38,"G-J30",7,"u","u"
2015-05-10,40,NA,7,"m","m"
2015-05-10,46,"R-S77",7,"f","f"
2015-05-10,44,"G-J31",7,"m","m"
2015-05-10,42,"G-J32",7,"m","m"
2015-05-10,42,"G-J33",7,"m","m"
2015-05-10,42,NA,7,"m","m"
2015-05-10,47,"O-D33",7,"f","f"
2015-05-10,40,"O-D40",7,"m","m"
2015-05-10,46,"G-J34",7,"f","f"
2015-05-10,47,"O-D34",7,"f","f"
2015-05-10,49,"O-D27",7,"f","f"
2015-05-10,41,"G-J35",7,"m","m"
2015-05-10,40,"G-J36",7,"m","m"
2015-05-10,40,"G-J37",7,"m","m"
2015-05-10,43,"O-D36",7,"m","m"
2015-05-10,48,"O-D41",7,"f","f"
2015-05-10,45,"O-D43",7,"f","f"
2015-05-10,43,"G-J39",7,"f","f"
2015-05-10,43,NA,7,"m","m"
2015-05-10,38,"G-J40",7,"u","u"
2015-05-10,48,"R-N59",7,"f","f"
2015-05-10,43,"G-J41",7,"m","m"
2015-05-10,40,"G-J42",7,"m","m"
2015-05-10,45,"G-J43",7,"f","f"
2015-05-11,45,"G-J44",7,"f","f"
2015-05-11,47,"G-J45",7,"f","f"
2015-05-11,48,"G-J46",7,"f","f"
2015-05-11,40,"G-J47",7,"f","f"
2015-05-11,40,"G-J49",7,"m","m"
2015-05-11,43,"O-D56",7,"m","m"
2015-05-11,41,"G-J50",7,"m","m"
2015-05-11,44,"G-J51",7,"f","f"
2015-05-11,42,"G-J52",7,"m","m"
2015-05-11,43,"G-J53",7,"f","f"
2015-05-11,44,"R-S85",7,"f","f"
2015-05-11,44,"O-D65",7,"f","f"
2015-05-11,38,"G-J54",7,"u","u"
2015-05-11,42,"R-P66",7,"f","f"
2015-05-11,46,"R-S94",7,"f","f"
2015-05-11,41,"R-P67",7,"m","m"
2015-05-11,40,"R-P69",7,"m","m"
2015-05-11,42,"R-P70",7,"m","m"
2015-05-11,49,"R-S89",7,"f","f"
2015-05-11,40,"R-P71",7,"m","m"
2015-05-11,46,NA,7,"f","f"
2015-05-11,43,"R-S91",7,"m","m"
2015-05-11,39,"R-P72",7,"u","u"
2015-05-11,41,"R-P73",7,"m","m"
2015-05-11,42,"R-P74",7,"m","m"
2015-05-11,45,"R-S93",7,"f","f"
2015-05-11,43,"R-S92",7,"f","f"
2015-05-17,47,"G-J55",7,"f","f"
2015-05-17,40,"G-J56",7,"m","m"
2015-05-17,47,"O-G13",7,"f","f"
2015-05-17,43,"G-J57",7,"m","m"
2015-05-17,44,"O-G00",7,"f","f"
2015-05-17,45,"O-G14",7,"f","f"
2015-05-17,46,"G-J59",7,"f","f"
2015-05-17,43,"G-J60",7,"m","m"
2015-05-17,44,"G-J61",7,"m","m"
2015-05-17,44,"R-P95",7,"m","m"
2015-05-17,40,"G-J63",7,"f","f"
2015-05-17,40,"G-J64",7,"m","m"
2015-05-17,41,"G-J65",7,"m","m"
2015-05-17,42,"G-J66",7,"m","m"
2015-05-17,45,"G-J67",7,"f","f"
2015-05-17,44,"G-J69",7,"f","f"
2015-05-17,48,"R-P76",7,"f","f"
2015-05-17,41,"O-G10",7,"m","m"
2015-05-17,47,"O-G16",7,"f","f"
2015-05-17,43,"R-P77",7,"f","f"
2015-05-17,41,"R-P79",7,"m","m"
2015-05-17,45,"R-P90",7,"f","f"
2015-05-17,45,"R-P91",7,"f","f"
2015-05-17,41,"R-P92",7,"m","m"
2015-05-17,42,"R-P93",7,"f","f"
2015-05-17,41,"R-P94",7,"m","m"
2015-05-18,43,"R-P96",7,"f","f"
2015-05-18,41,"R-P97",7,"m","f"
2015-05-18,52,"O-G19",7,"f","f"
2015-05-18,44,"R-P99",7,"f","f"
2015-05-18,49,"R-P81",7,"f","f"
2015-05-18,43,"O-F01",7,"f","f"
2015-05-18,47,"O-F02",7,"f","f"
2015-05-18,40,"O-F03",7,"m","m"
2015-05-18,45,"O-F04",7,"m","m"
2015-05-18,44,"O-F05",7,"m","m"
2015-05-18,45,"O-G36",7,"m","m"
2015-05-18,45,"O-F06",7,"f","f"
2015-05-18,43,"O-G25",7,"f","f"
2015-05-18,42,"R-R69",7,"f","f"
2015-05-18,42,"O-F09",7,"f","f"
2015-05-18,48,"R-R61",7,"f","f"
2015-05-18,40,"O-F10",7,"f","f"
2015-05-18,42,"R-R66",7,"f","f"
2015-05-18,45,"R-R76",7,"f","f"
2015-05-18,39,"O-F11",7,"u","u"
2015-05-18,44,"O-F12",7,"f","f"
2015-05-18,40,"O-F13",7,"m","m"
2015-05-18,41,"O-F14",7,"m","m"
2015-05-18,44,"O-F15",7,"f","f"
2015-05-18,44,"O-F16",7,"f","f"
2015-05-18,47,"O-F17",7,"f","f"
2015-05-18,42,"O-F20",7,"m","m"
2015-05-18,45,"O-F21",7,"f","f"
2015-05-18,45,"O-F22",7,"f","f"
2015-05-18,42,"G-J70",7,"f","f"
2015-05-18,45,"O-G39",7,"f","f"
2015-05-18,43,"O-G30",7,"f","f"
2015-05-18,45,"G-J71",7,"m","m"
2015-05-18,44,"O-G31",7,"f","f"
2015-05-18,43,"O-G32",7,"f","f"
2015-05-18,46,"O-F07",7,"f","f"
2015-05-18,41,"O-F08",7,"m","f"
2015-05-18,40,"R-R67",7,"m","m"
2015-05-18,41,"R-R65",7,"m","m"
2015-05-18,44,"R-R57",7,"f","f"
2015-05-18,43,"R-R60",7,"f","f"
2015-05-18,41,"G-J72",7,"f","f"
2015-05-18,42,"R-R92",7,"m","m"
2015-05-18,48,"G-J73",7,"f","f"
2015-05-18,47,"G-J74",7,"f","f"
2015-05-18,41,"G-J75",7,"f","f"
2015-05-18,42,"G-J76",7,"f","f"
2015-05-21,42,"O-F23",7,"m","m"
2015-05-21,42,"O-F24",7,"m","m"
2015-05-21,42,"O-F25",7,"m","m"
2015-05-21,43,"O-F26",7,"m","m"
2015-05-21,43,"O-D72",7,"m","m"
2015-05-21,43,NA,7,"m","m"
2015-05-21,40,"O-F27",7,"m","m"
2015-05-21,40,"O-F29",7,"m","m"
2015-05-21,44,"O-F30",7,"m","m"
2015-05-21,45,"O-F31",7,"f","f"
2015-05-21,44,"O-F32",7,"m","m"
2015-05-21,44,"G-M80",7,"m","m"
2015-05-21,42,"O-F33",7,"m","f"
2015-05-21,45,"O-F34",7,"m","m"
2015-05-21,45,"O-F35",7,"f","f"
2015-05-21,45,"O-F36",7,"f","f"
2015-05-21,44,"O-F37",7,"f","f"
2015-05-21,45,"O-F39",7,"m","m"
2015-05-21,41,"R-K00",7,"m","m"
2015-05-21,42,"R-K01",7,"m","m"
2015-05-21,43,"R-K02",7,"m","m"
2015-05-21,47,"R-K03",7,"f","f"
2015-05-21,51,"R-K04",7,"m","m"
2015-05-21,42,"R-K05",7,"m","m"
2015-05-21,41,"R-K06",7,"m","m"
2015-05-21,43,"R-K07",7,"f","f"
2015-05-21,41,"R-K09",7,"f","f"
2015-05-21,42,"R-K10",7,"m","m"
2015-05-21,44,"R-K11",7,"m","m"
2015-05-21,41,"R-K12",7,"m","m"
2015-05-21,43,"R-R06",7,"m","m"
2015-05-21,46,"R-R07",7,"f","f"
2015-05-21,40,"G-M71",7,"m","m"
2015-05-21,43,"R-R03",7,"m","m"
2015-05-21,39,"O-D66",7,"u","u"
2015-05-21,49,"O-D71",7,"f","f"
2015-05-21,40,"G-J79",7,"f","f"
2015-05-21,44,"G-J90",7,"f","f"
2015-05-21,42,"G-J91",7,"m","m"
2015-05-21,40,"G-J92",7,"m","m"
2015-05-21,41,"G-J93",7,"f","f"
2015-05-21,41,"G-J94",7,"m","m"
2015-05-21,40,"G-J95",7,"m","m"
2015-05-21,43,"G-J96",7,"f","f"
2015-05-21,40,"G-J97",7,"m","m"
2015-05-21,41,"O-F40",7,"f","f"
2015-05-21,41,"O-F41",7,"m","m"
2015-05-21,43,"O-F42",7,"m","m"
2015-05-21,44,"O-F43",7,"f","f"
2015-05-21,42,"O-F44",7,"f","f"
2015-05-21,43,"O-F45",7,"m","m"
2015-05-21,39,"O-F46",7,"u","u"
2015-05-21,42,"O-F47",7,"m","m"
2015-05-21,43,"O-F49",7,"f","f"
2015-05-22,46,"R-R17",7,"m","m"
2015-05-22,41,"R-K13",7,"m","m"
2015-05-22,40,"R-K14",7,"m","m"
2015-05-22,41,"R-K15",7,"m","m"
2015-05-22,45,"O-D84",7,"f","f"
2015-05-22,43,NA,7,"m","m"
2015-05-22,45,"R-K16",7,"f","f"
2015-05-22,45,"R-K17",7,"f","f"
2015-05-22,39,"R-K19",7,"u","u"
2015-05-22,43,"R-K20",7,"f","f"
2015-05-22,48,"R-K21",7,"f","f"
2015-05-22,39,"R-K22",7,"u","u"
2015-05-22,42,"R-A21",7,"m","m"
2015-05-22,45,"R-K23",7,"f","f"
2015-05-22,45,"R-R23",7,"f","f"
2015-05-22,43,"R-N67",7,"m","m"
2015-05-22,42,"R-K24",7,"m","m"
2015-05-22,40,"R-K25",7,"m","m"
2015-05-22,41,"O-F50",7,"m","f"
2015-05-22,51,"O-F51",7,"f","f"
2015-05-22,48,"O-F52",7,"f","f"
2015-05-22,41,"R-N62",7,"m","m"
2015-05-22,49,NA,7,"f","f"
2015-05-22,41,"O-D85",7,"m","m"
2015-05-22,50,"O-D83",7,"f","f"
2015-05-22,42,"O-F53",7,"m","m"
2015-05-22,46,"O-F54",7,"f","f"
2015-05-22,39,"O-F55",7,"u","u"
2015-05-22,41,"O-F56",7,"m","m"
2015-05-22,47,"O-F57",7,"m","m"
2015-05-22,48,"O-F59",7,"f","f"
2015-05-22,42,"O-F60",7,"f","f"
2015-05-22,45,"O-F61",7,"f","f"
2015-05-22,42,"O-F62",7,"m","m"
2015-05-22,43,"O-F63",7,"m","m"
2015-05-22,42,"O-F64",7,"m","m"
2015-05-22,40,"O-F65",7,"m","m"
2015-05-22,50,"O-F66",7,"f","f"
2015-05-22,43,"O-F67",7,"m","m"
2015-05-22,48,"O-F69",7,"f","f"
2015-05-22,51,"R-N70",7,"f","f"
2015-05-22,43,"R-R25",7,"m","m"
2015-05-22,46,"O-F70",7,"f","f"
2015-05-22,47,"R-R24",7,"f","f"
2015-05-22,44,"R-N69",7,"f","f"
2015-05-22,51,"R-R27",7,"f","f"
2015-05-23,48,"R-P11",7,"f","f"
2015-05-23,41,"G-H00",7,"m","f"
2015-05-23,44,"O-G93",7,"f","f"
2015-05-23,48,"G-H01",7,"f","f"
2015-05-23,44,"G-H02",7,"m","m"
2015-05-23,41,"G-H03",7,"f","f"
2015-05-23,43,"G-H04",7,"m","m"
2015-05-23,46,"O-G79",7,"f","f"
2015-05-23,46,"R-S11",7,"f","f"
2015-05-23,46,"O-G90",7,"f","f"
2015-05-23,43,"O-G74",7,"f","f"
2015-05-23,51,"G-H05",7,"f","f"
2015-05-23,43,"G-H06",7,"m","m"
2015-05-23,46,"O-G72",7,"f","f"
2015-05-23,49,"G-H07",7,"f","f"
2015-05-23,48,"G-H09",7,"f","f"
2015-05-23,44,"G-H10",7,"m","m"
2015-05-23,45,"G-H11",7,"m","m"
2015-05-23,49,"O-G53",7,"f","f"
2015-05-23,45,"G-H12",7,"f","f"
2015-05-23,47,"G-H13",7,"f","f"
2015-05-23,46,"G-H14",7,"f","f"
2015-05-23,45,"G-H15",7,"m","m"
2015-05-23,44,"G-H16",7,"m","m"
2015-05-23,40,"O-G62",7,"f","f"
2015-05-23,48,"R-P37",7,"m","m"
2015-05-23,41,"O-G52",7,"m","m"
2015-05-23,42,"O-G54",7,"m","m"
2015-05-23,42,"G-H17",7,"m","m"
2015-05-23,43,"G-H20",7,"m","m"
2015-05-23,47,"R-S30",7,"f","f"
2015-05-23,40,"G-H21",7,"m","m"
2015-05-23,43,"R-P16",7,"m","m"
2015-05-23,48,"G-H22",7,"f","f"
2015-05-23,46,"G-H23",7,"f","f"
2015-05-23,44,"G-H24",7,"f","f"
2015-05-23,42,"R-K26",7,"m","m"
2015-05-23,43,"R-K27",7,"f","f"
2015-05-23,39,"R-K29",7,"u","u"
2015-05-23,49,"R-P24",7,"f","f"
2015-05-23,41,"R-K30",7,"f","f"
2015-05-23,41,"R-K31",7,"m","m"
2015-05-23,46,"R-K32",7,"f","f"
2015-05-23,48,NA,7,"f","f"
2015-05-23,49,"O-G73",7,"f","f"
2015-05-23,45,"R-K33",7,"m","m"
2015-05-23,47,"O-E78",7,"f","m"
2015-05-23,47,"R-K34",7,"f","f"
2015-05-23,48,"R-K35",7,"m","m"
2015-05-23,41,"O-G69",7,"m","m"
2015-05-23,45,"O-G66",7,"m","m"
2015-05-23,43,"R-P19",7,"m","m"
2015-05-23,45,"R-K36",7,"m","m"
2015-05-23,45,"R-K37",7,"m","m"
2015-05-23,41,"R-K39",7,"m","m"
2015-05-23,39,"R-K40",7,"m","u"
2015-05-23,41,"R-K41",7,"m","m"
2015-05-23,47,"R-K42",7,"f","f"
2015-05-23,49,"R-P21",7,"f","f"
2015-05-23,47,"R-P23",7,"f","f"
2015-05-23,46,"R-K43",7,"f","f"
2015-05-23,40,"G-H25",7,"m","m"
2015-05-23,43,"G-H26",7,"m","m"
2015-05-23,52,"G-H27",7,"f","f"
2015-05-23,42,"G-H29",7,"m","m"
2015-05-24,42,"R-R98",7,"m","m"
2015-05-24,50,"G-H30",7,"f","f"
2015-05-24,47,"G-H31",7,"m","m"
2015-05-24,50,"G-H32",7,"f","f"
2015-05-24,43,"G-H33",7,"m","m"
2015-05-24,45,"R-P01",7,"f","f"
2015-05-24,44,"G-H34",7,"m","m"
2015-05-24,42,"G-H35",7,"m","m"
2015-05-24,44,"G-H36",7,"m","m"
2015-05-24,48,"O-G42",7,"f","f"
2015-05-24,43,"G-H37",7,"f","f"
2015-05-24,42,"O-G45",7,"m","m"
2015-05-24,49,"G-H39",7,"f","f"
2015-05-24,43,"O-G49",7,"m","m"
2015-05-24,42,"R-N98",7,"m","m"
2015-05-24,44,"R-P00",7,"m","m"
2015-05-24,48,"G-H40",7,"f","f"
2015-05-24,47,"G-H41",7,"f","f"
2015-05-24,44,"R-P07",7,"m","m"
2015-05-24,41,"G-H42",7,"m","m"
2015-05-24,40,"G-H43",7,"m","m"
2015-05-24,44,"G-H44",7,"m","m"
2015-05-24,50,"G-H45",7,"f","f"
2015-05-24,42,"R-N99",7,"m","m"
2015-05-24,39,"G-H46",7,"m","u"
2015-05-24,42,"G-H47",7,"m","m"
2015-05-24,39,"G-H49",7,"m","u"
2015-05-24,42,"R-K93",7,"m","m"
2015-05-27,43,"R-K44",7,"m","m"
2015-05-27,43,"R-N09",7,"m","m"
2015-05-27,47,"R-N12",7,"f","f"
2015-05-27,48,"R-R34",7,"f","f"
2015-05-27,42,"R-K45",7,"m","m"
2015-05-27,48,"R-N19",7,"f","f"
2015-05-27,51,"R-R35",7,"f","f"
2015-05-27,45,"R-R37",7,"f","f"
2015-05-27,50,"R-K46",7,"f","f"
2015-05-27,44,"R-K47",7,"m","m"
2015-05-27,45,"R-R39",7,"m","m"
2015-05-27,44,"R-R42",7,"m","m"
2015-05-27,47,"R-R41",7,"m","m"
2015-05-27,48,"R-K49",7,"f","f"
2015-05-27,45,"R-K50",7,"m","m"
2015-05-27,51,"R-R33",7,"f","f"
2015-05-27,46,"R-N25",7,"f","f"
2015-05-27,45,"R-R36",7,"f","f"
2015-06-10,44,"R-S62",8,"m","m"
2015-06-10,44,"G-H51",8,"m","m"
2015-06-10,42,"G-H52",8,"m","m"
2015-06-10,42,"G-J10",8,"m","m"
2015-06-10,51,"G-H53",8,"f","f"
2015-06-10,40,"R-P56",8,"m","m"
2015-06-10,46,"R-S61",8,"m","m"
2015-06-10,48,"G-H54",8,"f","f"
2015-06-10,43,"G-H55",8,"m","m"
2015-06-10,46,"G-H56",8,"m","m"
2015-06-10,48,"O-F74",8,"f","f"
2015-06-10,45,"R-N53",8,"m","m"
2015-06-10,50,"G-H57",8,"f","f"
2015-06-10,49,"G-J25",8,"m","m"
2015-06-10,43,"G-J23",8,"m","m"
2015-06-10,40,"G-H59",8,"m","m"
2015-06-10,40,"G-H60",8,"m","m"
2015-06-10,42,"G-J24",8,"m","m"
2015-06-10,41,"G-H61",8,"m","m"
2015-06-10,40,"R-S75",8,"m","m"
2015-06-10,46,"O-F71",8,"f","f"
2015-06-10,38,"R-P54",8,"u","u"
2015-06-10,43,"G-M84",8,"m","m"
2015-06-10,44,"O-F72",8,"m","m"
2015-06-10,41,"R-S72",8,"m","m"
2015-06-10,48,"R-S70",8,"f","f"
2015-06-10,41,"O-F73",8,"m","m"
2015-06-10,41,"R-S74",8,"m","m"
2015-06-10,41,"O-F75",8,"m","m"
2015-06-10,45,"O-F76",8,"f","f"
2015-06-10,45,"O-F77",8,"m","m"
2015-06-10,41,"O-F90",8,"f","f"
2015-06-10,49,"O-F79",8,"f","f"
2015-06-14,45,"R-K52",8,"f","f"
2015-06-14,40,"G-J49",8,"m","m"
2015-06-14,48,"R-N61",8,"f","f"
2015-06-14,42,"R-K53",8,"f","f"
2015-06-14,46,"R-K48",8,"f","f"
2015-06-14,43,"R-K54",8,"m","m"
2015-06-14,45,"R-K55",8,"f","f"
2015-06-14,47,"R-K56",8,"f","f"
2015-06-14,51,"R-K57",8,"f","f"
2015-06-14,44,"R-K59",8,"m","m"
2015-06-14,41,"R-K60",8,"m","m"
2015-06-14,46,"R-S93",8,"f","f"
2015-06-14,42,"R-K61",8,"m","m"
2015-06-14,48,"R-K62",8,"f","f"
2015-06-14,42,"R-K63",8,"m","m"
2015-06-15,41,"G-H62",8,"m","m"
2015-06-15,45,"R-P52",8,"m","m"
2015-06-15,42,"G-J11",8,"m","m"
2015-06-15,43,"G-J08",8,"m","m"
2015-06-15,48,"R-P50",8,"f","f"
2015-06-15,45,"R-P51",8,"m","m"
2015-06-15,44,"G-H63",8,"m","m"
2015-06-15,43,"G-H64",8,"m","m"
2015-06-15,55,"O-F91",8,"f","f"
2015-06-15,48,"G-J27",8,"f","f"
2015-06-15,46,"O-F92",8,"m","m"
2015-06-15,42,"G-J33",8,"m","m"
2015-06-15,50,"O-F93",8,"f","f"
2015-06-15,43,"O-F94",8,"m","m"
2015-06-15,46,"O-F95",8,"m","m"
2015-06-15,45,"O-F96",8,"m","m"
2015-06-15,49,"G-J26",8,"f","f"
2015-06-15,46,"O-F97",8,"m","m"
2015-06-15,46,"O-F99",8,"m","m"
2015-06-15,40,"O-D40",8,"m","m"
2015-06-15,41,"R-K64",8,"m","m"
2015-06-15,45,"R-K65",8,"m","m"
2015-06-15,45,"R-K66",8,"m","m"
2015-06-15,44,"R-K67",8,"m","m"
2015-06-15,48,"G-J13",8,"f","f"
2015-06-15,41,"R-P97",8,"m","m"
2015-06-15,43,"G-J37",8,"m","m"
2015-06-15,44,"R-K69",8,"m","m"
2015-06-15,52,"R-K70",8,"f","f"
2015-06-22,42,"R-S82",8,"m","m"
2015-06-22,43,"R-K71",8,"m","m"
2015-06-22,46,"O-F31",8,"f","f"
2015-06-22,43,"R-K72",8,"m","m"
2015-06-22,41,"R-K73",8,"m","m"
2015-06-22,40,"G-J92",8,"m","m"
2015-06-22,42,"R-K74",8,"m","m"
2015-06-22,42,"R-K75",8,"m","m"
2015-06-22,45,"R-K76",8,"m","m"
2015-06-22,45,"O-F37",8,"f","f"
2015-06-22,42,"O-F33",8,"m","m"
2015-06-22,43,"R-K77",8,"m","m"
2015-06-22,42,"R-K79",8,"m","m"
2015-06-22,49,"R-S97",8,"f","f"
2015-06-22,46,"R-K90",8,"m","m"
2015-06-22,39,"R-K91",8,"u","u"
2015-06-22,41,"R-R09",8,"m","m"
2015-06-22,40,"R-K92",8,"m","m"
2015-06-22,43,"G-H65",8,"m","m"
2015-06-22,37,"G-H66",8,"u","u"
2015-06-22,43,"G-H67",8,"m","m"
2015-06-22,42,"G-H69",8,"m","m"
2015-06-22,43,"O-F34",8,"m","m"
2015-06-22,42,"O-F47",8,"m","m"
2015-06-22,47,"G-J96",8,"f","f"
2015-06-22,43,"G-M80",8,"m","m"
2015-06-22,46,"G-H70",8,"m","m"
2015-06-22,44,"G-H71",8,"m","m"
2015-06-22,40,"G-H72",8,"m","m"
2015-06-22,41,"G-H73",8,"f","f"
2015-06-22,41,"G-H74",8,"m","m"
2015-06-23,52,"G-H41",8,"f","f"
2015-06-23,43,"G-H75",8,"m","m"
2015-06-23,41,"R-N99",8,"m","m"
2015-06-23,49,"G-H76",8,"f","f"
2015-06-23,41,"G-H47",8,"m","m"
2015-06-23,44,"R-P01",8,"f","f"
2015-06-23,49,"G-H77",8,"f","f"
2015-06-23,46,"G-H79",8,"m","m"
2015-06-23,48,"G-H39",8,"f","f"
2015-06-23,50,"G-H45",8,"f","f"
2015-06-23,41,"G-H90",8,"f","f"
2015-06-23,43,"G-H35",8,"m","m"
2015-06-23,45,"G-H91",8,"m","m"
2015-06-23,44,"R-R98",8,"m","m"
2015-06-23,41,"G-H46",8,"m","m"
2015-06-23,50,"G-H32",8,"f","f"
2015-06-23,45,"O-G49",8,"m","m"
2015-06-23,45,"R-K93",8,"m","m"
2015-06-23,44,"G-H49",8,"m","m"
2015-06-23,47,"R-K94",8,"m","m"
2015-06-23,45,"O-G45",8,"m","m"
2015-06-23,51,"R-P02",8,"f","f"
2015-06-23,46,"G-H36",8,"m","m"
2015-06-23,46,"G-H44",8,"m","m"
2015-06-23,44,"G-H42",8,"m","m"
2015-06-23,51,"G-H30",8,"f","f"
2015-06-23,45,"R-K95",8,"m","m"
2015-06-23,45,"R-P00",8,"m","m"
2015-06-24,43,"O-F08",8,"m","m"
2015-06-24,48,"O-G39",8,"f","f"
2015-06-24,47,"O-G36",8,"m","m"
2015-06-24,48,"R-K96",8,"f","f"
2015-06-24,45,"G-J71",8,"m","m"
2015-06-24,47,"R-R60",8,"f","f"
2015-06-24,48,"R-K97",8,"m","m"
2015-06-24,47,"G-H92",8,"f","f"
2015-06-24,50,"G-H93",8,"f","f"
2015-06-24,55,"G-H94",8,"f","f"
2015-06-24,49,"R-R75",8,"m","m"
2015-06-24,50,"R-R76",8,"f","f"
2015-06-24,46,"R-R92",8,"m","m"
2015-06-24,50,"R-R57",8,"f","f"
2015-06-25,43,"O-G92",8,"m","m"
2015-06-25,47,"R-K99",8,"f","f"
2015-06-25,50,"R-P24",8,"f","f"
2015-06-25,42,"G-H00",8,"m","m"
2015-06-25,43,"G-H02",8,"m","m"
2015-06-25,49,"G-H95",8,"f","f"
2015-06-25,48,"O-O96",8,"m","m"
2015-06-25,44,"O-G90",8,"f","f"
2015-06-25,44,"G-H96",8,"m","m"
2015-06-25,41,"G-H97",8,"f","f"
2015-06-25,51,"G-H99",8,"f","f"
2015-06-25,47,"G-L00",8,"f","f"
2015-06-25,49,"G-L01",8,"f","f"
2015-06-25,46,"G-L02",8,"m","m"
2015-06-25,43,"O-G54",8,"m","m"
2015-06-25,53,"G-L03",8,"f","f"
2015-06-25,44,"G-L04",8,"m","m"
2015-06-25,56,"G-L05",8,"f","f"
2015-06-25,48,"G-L06",8,"f","f"
2015-06-25,40,"G-H21",8,"m","m"
2015-06-25,54,"G-L07",8,"f","f"
2015-06-25,45,"G-L09",8,"m","m"
2015-06-25,51,"G-L10",8,"f","f"
2015-06-25,43,"R-K40",8,"m","m"
2015-06-25,53,"O-G57",8,"f","f"
2015-06-25,47,"G-L11",8,"m","m"
2015-06-25,45,"G-H16",8,"m","m"
2015-06-25,51,"G-L12",8,"f","f"
2015-06-25,45,"G-L13",8,"m","m"
2015-06-25,45,"G-L14",8,"m","m"
2015-06-25,50,"G-L15",8,"f","f"
2015-06-25,43,"G-L16",8,"m","m"
2015-06-25,43,"G-L17",8,"m","m"
2015-06-25,52,"O-G60",8,"f","f"
2015-06-25,43,"G-L19",8,"m","m"
2015-06-25,49,"G-L20",8,"f","f"
2015-06-25,44,"G-L21",8,"m","m"
2015-06-25,44,"G-L22",8,"m","m"
2015-06-25,45,"G-H11",8,"m","m"
2015-06-25,44,"G-L24",8,"m","m"
2015-06-25,41,"G-L25",8,"m","m"
2015-06-25,45,"G-L26",8,"m","m"
2015-06-25,44,"G-L27",8,"m","m"
2015-06-25,41,"G-L28",8,"m","m"
2015-06-25,48,"R-S40",8,"f","f"
2015-06-25,41,"O-U00",8,"f","f"
2015-06-25,42,"O-U01",8,"m","m"
2015-06-25,44,"O-U02",8,"m","m"
2015-06-25,50,"O-U03",8,"f","f"
2015-06-25,45,"R-S10",8,"f","f"
2015-06-25,51,"G-H05",8,"f","f"
2015-06-25,44,"O-G79",8,"f","f"
2015-06-25,49,"R-S01",8,"f","f"
2015-06-25,48,"R-P35",8,"f","f"
2015-06-25,48,"O-G77",8,"f","f"
2015-06-25,43,"O-U04",8,"m","m"
2015-06-25,48,"O-E78",8,"f","f"
2015-06-25,50,"O-U05",8,"f","f"
2015-06-25,51,"O-U06",8,"f","f"
2015-06-25,44,"O-G52",8,"m","m"
2015-06-25,48,"R-S24",8,"m","m"
2015-06-25,46,"R-P10",8,"m","m"
2015-06-25,44,"O-U07",8,"m","m"
2015-06-25,49,"R-K34",8,"f","f"
2015-06-25,43,"O-G55",8,"m","m"
2015-06-25,41,"O-U09",8,"m","m"
2015-06-25,55,"O-U10",8,"f","f"
2015-06-25,43,"O-G69",8,"m","m"
2015-06-25,42,"O-U11",8,"m","m"
2015-06-25,49,"O-U12",8,"m","m"
2015-06-25,42,"O-U13",8,"f","f"
2015-06-25,48,"G-H14",8,"f","f"
2015-06-25,45,"O-U15",8,"f","f"
2015-06-25,43,"O-U14",8,"m","m"
2015-06-25,46,"O-U17",8,"m","m"
2015-06-25,44,"O-U19",8,"m","m"
2015-06-25,46,"R-P37",8,"m","m"
2015-06-25,46,"O-U20",8,"m","m"
2015-06-25,45,"O-G61",8,"f","f"
2015-06-25,44,"O-U21",8,"f","f"
2015-06-25,43,"O-U22",8,"m","m"
2015-06-26,44,"R-T00",8,"m","m"
2015-06-26,46,"R-R37",8,"f","f"
2015-06-26,49,"R-N76",8,"f","f"
2015-06-26,51,"R-N19",8,"f","f"
2015-06-26,45,"R-N79",8,"m","m"
2015-06-26,43,"R-K45",8,"m","m"
2015-06-26,43,"R-K44",8,"m","m"
2015-06-26,49,"R-T01",8,"f","f"
2015-06-26,40,"O-U23",8,"m","m"
2015-06-26,45,"R-R42",8,"m","m"
2015-06-26,45,"R-R39",8,"m","m"
2015-06-26,42,"O-U24",8,"m","m"
2015-06-26,47,"R-N74",8,"m","m"
2015-06-26,45,"R-R31",8,"f","f"
2015-06-26,44,"O-U25",8,"m","m"
2015-06-26,45,"R-R41",8,"m","m"
2015-06-26,50,"O-U26",8,"f","f"
2015-06-26,49,"R-R23",8,"f","f"
2015-06-26,46,"R-N67",8,"m","m"
2015-06-26,45,"O-U27",8,"m","m"
2015-06-26,48,"O-D95",8,"f","f"
2015-06-26,52,"O-U29",8,"f","f"
2015-06-26,45,"R-K24",8,"m","m"
2015-06-26,47,"O-U31",8,"m","m"
2015-06-26,42,"O-U32",8,"m","m"
2015-06-26,43,"O-U33",8,"m","m"
2015-06-26,44,"O-F64",8,"m","m"
2015-06-26,42,"O-U34",8,"m","m"
2015-06-26,43,"O-U35",8,"m","m"
2015-06-26,43,"O-U37",8,"m","m"
2015-06-26,43,"R-N62",8,"m","m"
2015-06-26,53,"O-F51",8,"f","f"
2015-06-26,46,"R-K16",8,"f","f"
2015-06-26,49,"R-R19",8,"f","f"
2015-06-26,43,"O-U30",8,"m","m"
2015-06-26,47,"R-K20",8,"f","f"
2015-06-26,46,"O-U36",8,"m","m"
2015-06-26,42,"R-K14",8,"m","m"
2015-06-26,44,"G-L30",8,"m","m"
2015-06-26,42,"G-L31",8,"f","f"
2015-06-26,45,"R-K13",8,"m","m"
2015-06-27,44,"R-P79",8,"m","m"
2015-06-27,46,"O-U39",8,"f","f"
2015-06-27,49,"R-P90",8,"f","f"
2015-06-27,46,"O-U40",8,"f","f"
2015-06-27,45,"O-U41",8,"m","m"
2015-06-27,43,"O-U42",8,"f","f"
2015-06-27,47,"R-P91",8,"f","f"
2015-06-27,41,"O-U43",8,"m","m"
2015-06-27,47,"O-U44",8,"m","m"
2015-06-27,41,"G-J56",8,"m","m"
2015-06-27,42,"O-U75",8,"m","m"
2015-06-27,41,"O-U45",8,"m","m"
2015-06-27,44,"O-U46",8,"m","m"
2015-06-27,44,"O-U47",8,"m","m"
2015-06-27,42,"R-R72",8,"m","m"
2015-06-27,45,"O-U49",8,"m","m"
2015-06-27,50,"O-U50",8,"f","f"
2015-06-27,38,"O-F11",8,"u","u"
2015-06-27,45,"O-U51",8,"m","m"
2015-06-27,43,"O-U52",8,"m","m"
2015-09-20,41,"G-L35",9,"m","m"
2015-09-20,53,"R-T04",9,"f","f"
2015-09-20,50,"R-T05",9,"f","f"
2015-09-20,38,"R-T06",9,"u","u"
2015-09-20,40,"R-T07",9,"f","f"
2015-09-20,42,"R-T09",9,"m","m"
2015-09-20,42,"R-T10",9,"m","m"
2015-09-20,40,"R-T11",9,"f","f"
2015-09-20,40,"R-T12",9,"m","f"
2015-09-20,46,"R-T13",9,"f","f"
2015-09-20,42,"R-T14",9,"f","f"
2015-09-20,41,"R-T15",9,"f","f"
2015-09-20,39,"R-T16",9,"u","u"
2015-09-20,44,"R-T17",9,"f","f"
2015-09-20,37,"R-T19",9,"u","u"
2015-09-20,45,"R-T20",9,"m","m"
2015-09-20,43,"R-T21",9,"f","f"
2015-09-20,43,"R-T22",9,"m","m"
2015-09-20,40,"R-T23",9,"f","f"
2015-09-20,42,"R-T24",9,"m","m"
2015-09-20,44,"R-T25",9,"m","m"
2015-09-20,38,"R-T26",9,"u","u"
2015-09-20,44,"R-T27",9,"f","f"
2015-09-20,46,"R-T29",9,"f","f"
2015-09-20,38,"R-T30",9,"u","u"
2015-09-20,38,"R-T31",9,"u","u"
2015-09-20,44,"R-T32",9,"f","f"
2015-09-20,46,"R-T33",9,"f","f"
2015-09-20,44,"R-T34",9,"m","m"
2015-09-20,40,"R-T35",9,"f","f"
2015-09-20,44,"R-T36",9,"m","m"
2015-09-20,38,"R-T37",9,"u","u"
2015-09-20,43,"R-T39",9,"m","m"
2015-09-20,40,"R-T40",9,"m","m"
2015-09-20,42,"O-Y23",9,"m","m"
2015-09-20,46,"G-L36",9,"m","m"
2015-09-20,42,"G-L37",9,"f","f"
2015-09-20,41,"G-L38",9,"f","f"
2015-09-20,39,"G-L39",9,"u","u"
2015-09-20,40,"G-L40",9,"f","f"
2015-09-20,45,"G-L41",9,"f","f"
2015-09-20,41,"G-L42",9,"m","m"
2015-09-20,42,"G-L43",9,"m","m"
2015-09-20,40,"G-L44",9,"f","f"
2015-09-20,42,"G-L45",9,"m","m"
2015-09-20,42,"G-L46",9,"f","f"
2015-09-20,38,"G-L47",9,"m","u"
2015-09-20,46,"O-G54",9,"m","m"
2015-09-20,44,"G-L49",9,"m","f"
2015-09-20,42,"G-L50",9,"m","m"
2015-09-20,40,"G-L51",9,"m","m"
2015-09-20,37,"G-L52",9,"u","u"
2015-09-20,40,"G-L53",9,"u","u"
2015-09-20,43,"G-L54",9,"f","f"
2015-09-20,47,"G-L55",9,"f","f"
2015-09-20,41,"G-L56",9,"f","f"
2015-09-26,41,"O-U53",9,"f","f"
2015-09-26,38,"O-U54",9,"u","u"
2015-09-26,38,"O-U55",9,"u","u"
2015-09-26,42,"O-U56",9,"f","f"
2015-09-26,37,"O-U57",9,"u","u"
2015-09-26,35,"O-U59",9,"u","u"
2015-09-26,39,"O-U60",9,"f","u"
2015-09-26,43,"O-U61",9,"f","f"
2015-09-26,37,"O-U62",9,"u","u"
2015-09-26,41,"O-U63",9,"f","f"
2015-09-26,36,"O-U64",9,"u","u"
2015-09-26,38,"O-U65",9,"m","u"
2015-09-26,37,"O-U66",9,"u","u"
2015-09-26,35,"O-U67",9,"u","u"
2015-09-26,40,"O-U69",9,"m","m"
2015-09-26,36,"O-U70",9,"u","u"
2015-09-26,38,"O-U71",9,"u","u"
2015-09-26,41,"O-U72",9,"f","f"
2015-09-26,43,"R-T41",9,"m","m"
2015-09-26,43,"R-T42",9,"m","m"
2015-09-26,38,"R-T43",9,"u","u"
2015-09-26,36,"R-T44",9,"u","u"
2015-09-26,51,"G-M76",9,"f","f"
2015-09-26,34,NA,9,"u","u"
2015-09-26,41,"R-T45",9,"f","f"
2015-09-26,41,"R-T46",9,"f","f"
2015-09-26,37,"R-T47",9,"f","u"
2015-09-26,38,"R-T49",9,"u","u"
2015-09-26,35,"R-T50",9,"u","u"
2015-09-26,35,"R-T51",9,"f","u"
2015-09-26,40,"R-T52",9,"f","f"
2015-09-26,45,"R-T53",9,"f","f"
2015-09-26,41,"R-T54",9,"f","f"
2015-09-26,37,"R-T55",9,"u","u"
2015-09-27,53,"G-L60",9,"f","f"
2015-09-27,40,"G-L57",9,"f","f"
2015-09-27,36,"G-L59",9,"u","u"
2015-09-27,45,"G-L61",9,"m","m"
2015-09-27,40,"G-L62",9,"f","f"
2015-09-27,42,"G-L63",9,"f","f"
2015-09-27,39,"G-L64",9,"u","u"
2015-09-27,39,"G-L65",9,"u","u"
2015-09-27,37,"G-L66",9,"u","u"
2015-09-27,34,NA,9,"u","u"
2015-09-27,37,"G-L67",9,"f","u"
2015-09-27,33,NA,9,"u","u"
2015-09-27,37,"G-L69",9,"u","u"
2015-09-27,33,NA,9,"u","u"
2015-09-27,37,"G-L70",9,"f","u"
2015-09-27,45,"R-K44",9,"m","m"
2015-09-27,37,"G-L71",9,"f","u"
2015-09-27,40,"G-L72",9,"f","f"
2015-09-27,36,"G-L73",9,"f","u"
2015-09-27,53,"R-N19",9,"f","f"
2015-09-27,37,"G-L74",9,"u","u"
2015-09-27,38,"G-L75",9,"f","u"
2015-09-27,38,NA,9,"u","u"
2015-09-27,38,"G-L76",9,"u","u"
2015-09-27,37,"G-L77",9,"u","u"
2015-09-27,37,"G-L79",9,"f","u"
2015-09-27,36,"R-T57",9,"u","u"
2015-09-27,49,"R-T59",9,"f","f"
2015-09-27,40,"R-T60",9,"f","f"
2015-09-27,37,"R-T61",9,"f","u"
2015-09-29,36,"R-T63",9,"u","u"
2015-09-29,44,"G-H46",9,"m","m"
2015-09-29,52,"G-H32",9,"f","f"
2015-09-29,39,"R-T64",9,"u","u"
2015-09-29,38,"R-T65",9,"u","u"
2015-09-29,39,"R-T66",9,"f","u"
2015-09-29,53,"R-P39",9,"f","f"
2015-09-29,46,"R-T67",9,"f","f"
2015-09-29,44,"R-T69",9,"f","f"
2015-09-29,38,"R-T70",9,"u","u"
2015-09-29,38,"R-T71",9,"u","u"
2015-09-29,41,"R-T72",9,"m","m"
2015-09-29,41,"R-T73",9,"f","f"
2015-09-29,43,"R-T74",9,"f","f"
2015-09-29,45,"R-T75",9,"m","m"
2015-09-29,42,"R-T76",9,"m","m"
2015-10-01,43,"G-L80",9,"m","m"
2015-10-01,46,"G-L81",9,"m","m"
2015-10-01,48,"G-L82",9,"f","f"
2015-10-01,47,"G-L83",9,"f","f"
2015-10-01,42,"G-L84",9,"m","m"
2015-10-01,43,"G-L85",9,"m","m"
2015-10-01,52,"G-L86",9,"f","f"
2015-10-01,38,"G-L87",9,"u","u"
2015-10-01,41,"G-L89",9,"m","m"
2015-10-01,42,"G-L90",9,"m","m"
2015-10-01,53,"G-L91",9,"f","f"
2015-10-01,43,"G-L92",9,"f","f"
2015-10-01,45,"G-L93",9,"f","f"
2015-10-01,37,"G-L94",9,"f","u"
2015-10-01,36,"G-L95",9,"u","u"
2015-10-01,43,"G-L96",9,"m","m"
2015-10-01,45,"G-J11",9,"m","m"
2015-10-01,46,"G-L97",9,"f","f"
2015-10-01,45,"G-L99",9,"m","m"
2015-10-03,47,"O-U76",9,"m","m"
2015-10-03,37,"O-U77",9,"u","u"
2015-10-03,39,"O-U79",9,"u","u"
2015-10-03,49,"O-U90",9,"f","f"
2015-10-03,43,"O-U91",9,"m","m"
2015-10-03,40,"O-U92",9,"m","m"
2015-10-03,44,"O-U93",9,"m","m"
2015-10-03,35,"O-U94",9,"u","u"
2015-10-03,50,"R-P77",9,"f","f"
2015-10-03,41,"O-U95",9,"f","f"
2015-10-03,41,"O-U96",9,"f","f"
2015-10-03,52,"O-U97",9,"f","f"
2015-10-03,43,"O-U99",9,"m","m"
2015-10-03,44,"O-Y00",9,"f","f"
2015-10-03,37,"O-Y01",9,"u","u"
2015-10-03,34,NA,9,"u","u"
2015-10-03,42,"O-Y02",9,"m","m"
2015-10-03,37,"O-Y03",9,"u","u"
2015-10-03,42,"O-Y04",9,"m","m"
2015-10-03,45,"O-Y05",9,"m","m"
2015-10-03,36,"O-Y06",9,"u","u"
2015-10-03,34,NA,9,"u","u"
2015-10-03,50,"O-Y07",9,"f","f"
2015-10-03,37,"O-Y09",9,"u","u"
2015-10-03,37,"O-Y10",9,"u","u"
2015-10-03,54,"O-Y11",9,"f","f"
2015-10-03,45,"G-J12",9,"m","m"
2015-10-03,43,"O-Y12",9,"m","m"
2015-10-03,39,"O-Y13",9,"m","u"
2015-10-03,36,"R-T77",9,"u","u"
2015-10-03,35,"R-T79",9,"u","u"
2015-10-03,37,"R-T90",9,"u","u"
2015-10-03,43,"R-T91",9,"m","m"
2015-10-03,39,"R-T92",9,"u","u"
2015-10-03,35,"R-T93",9,"m","u"
2015-10-03,36,NA,9,"u","u"
2015-10-03,41,"R-T94",9,"f","f"
2015-10-03,35,"R-T95",9,"u","u"
2015-10-03,38,"R-T96",9,"u","u"
2015-10-03,35,"R-T97",9,"u","u"
2015-10-03,35,"R-T99",9,"u","u"
2015-10-03,45,"G-X00",9,"m","m"
2015-10-03,42,"G-X01",9,"m","m"
2015-10-03,39,"G-X02",9,"u","u"
2015-10-03,39,"G-X03",9,"u","u"
2015-10-03,42,"G-X04",9,"f","f"
2015-10-03,37,"G-X05",9,"m","u"
2015-10-03,44,"G-X06",9,"m","m"
2015-10-03,43,"G-X07",9,"m","m"
2015-10-03,45,"G-X09",9,"m","m"
2015-10-03,39,"G-X10",9,"u","u"
2015-10-22,42,"G-X11",10,"f","f"
2015-10-22,41,"G-X12",10,"m","m"
2015-10-22,38,"G-X13",10,"u","u"
2015-10-22,47,"G-X14",10,"f","f"
2015-10-22,37,"G-X15",10,"u","u"
2015-10-22,36,"G-X16",10,"u","u"
2015-10-22,39,"G-X17",10,"u","u"
2015-10-22,39,"G-X20",10,"u","u"
2015-10-22,48,"R-T29",10,"f","f"
2015-10-22,35,"G-X21",10,"u","u"
2015-10-22,45,"R-T39",10,"m","m"
2015-10-22,43,"G-X22",10,"f","f"
2015-10-22,46,"O-Y14",10,"f","f"
2015-10-22,42,"G-L49",10,"m","m"
2015-10-22,44,"O-Y15",10,"f","f"
2015-10-22,43,"R-T34",10,"m","m"
2015-10-22,42,"O-Y16",10,"m","m"
2015-10-22,44,"R-T21",10,"f","f"
2015-10-22,45,"O-Y17",10,"m","m"
2015-10-22,41,"G-L47",10,"m","m"
2015-10-22,47,"O-U14",10,"m","m"
2015-10-22,38,"O-Y19",10,"u","u"
2015-10-22,40,"O-Y20",10,"f","f"
2015-10-22,39,"O-Y21",10,"u","u"
2015-10-22,42,"O-Y22",10,"m","m"
2015-10-22,43,"O-Y23",10,"m","m"
2015-10-22,38,"O-Y24",10,"u","u"
2015-10-22,42,"G-L35",10,"m","m"
2015-10-22,48,"O-G54",10,"m","m"
2015-10-22,39,"O-Y25",10,"u","u"
2015-10-22,36,"O-Y26",10,"u","u"
2015-10-22,41,"O-Y27",10,"f","f"
2015-10-22,41,"O-Y29",10,"m","m"
2015-10-22,39,"O-Y30",10,"u","u"
2015-10-22,35,"O-Y31",10,"u","u"
2015-10-22,39,"O-Y32",10,"u","u"
2015-10-22,43,"O-Y33",10,"f","f"
2015-10-22,43,"O-Y34",10,"f","f"
2015-10-22,38,"O-Y35",10,"u","u"
2015-10-22,45,"O-Y36",10,"f","f"
2015-10-22,46,"O-Y37",10,"f","f"
2015-10-22,38,"O-Y40",10,"u","u"
2015-10-22,46,"R-T13",10,"f","f"
2015-10-22,47,"G-X23",10,"f","f"
2015-10-22,42,"R-T12",10,"m","m"
2015-10-22,40,"G-X24",10,"m","m"
2015-10-22,39,"G-X25",10,"u","u"
2015-10-22,47,"R-T17",10,"f","f"
2015-10-22,39,"G-X26",10,"u","u"
2015-10-22,43,"G-L43",10,"m","m"
2015-10-22,41,"G-L42",10,"m","m"
2015-10-22,42,"R-T10",10,"m","m"
2015-10-22,43,"G-X27",10,"f","f"
2015-10-22,43,"G-X29",10,"m","m"
2015-10-22,53,"G-X30",10,"f","f"
2015-10-22,45,"G-X31",10,"m","m"
2015-10-23,40,"G-X32",10,"f","f"
2015-10-23,40,"G-X33",10,"f","f"
2015-10-23,49,"G-X34",10,"f","f"
2015-10-23,40,"G-X35",10,"f","f"
2015-10-23,45,"O-F50",10,"m","m"
2015-10-23,39,"G-X36",10,"u","u"
2015-10-23,37,"G-X37",10,"u","u"
2015-10-23,39,"G-X39",10,"u","u"
2015-10-23,36,"G-X40",10,"u","u"
2015-10-23,38,"G-L69",10,"u","u"
2015-10-23,37,"G-X41",10,"u","u"
2015-10-23,40,"G-X42",10,"f","f"
2015-10-23,37,"G-X43",10,"u","u"
2015-10-23,35,"G-X44",10,"u","u"
2015-10-23,38,"G-X45",10,"u","u"
2015-10-23,40,"G-X46",10,"f","f"
2015-10-23,44,"G-X47",10,"f","f"
2015-10-23,38,"G-X49",10,"u","u"
2015-10-23,42,"G-L67",10,"f","f"
2015-10-23,40,"G-X50",10,"f","f"
2015-10-23,35,"G-X51",10,"u","u"
2015-10-23,41,"G-X52",10,"f","f"
2015-10-24,40,"R-T47",10,"f","f"
2015-10-24,36,"O-Y41",10,"u","u"
2015-10-24,37,"O-Y42",10,"u","u"
2015-10-24,42,"O-Y43",10,"f","f"
2015-10-24,38,"O-Y44",10,"u","u"
2015-10-24,43,"R-T46",10,"f","f"
2015-10-24,36,"O-Y45",10,"u","u"
2015-10-24,39,"O-Y46",10,"u","u"
2015-10-24,41,"O-U60",10,"f","f"
2015-10-24,41,"O-Y47",10,"f","f"
2015-10-24,44,"O-U61",10,"f","f"
2015-10-24,40,"O-Y49",10,"f","f"
2015-10-24,40,"O-Y50",10,"f","f"
2015-10-24,45,"O-Y51",10,"f","f"
2015-10-24,38,"O-Y52",10,"u","u"
2015-10-24,37,"O-Y53",10,"u","u"
2015-10-24,39,"O-Y54",10,"u","u"
2015-10-24,40,"O-Y55",10,"m","f"
2015-10-24,43,"R-T52",10,"f","f"
2015-10-24,43,"O-Y56",10,"f","f"
2015-10-24,39,"R-T50",10,"u","u"
2015-10-24,40,"O-Y57",10,"f","f"
2015-10-24,45,"O-Y59",10,"f","f"
2015-10-24,38,"O-Y61",10,"f","u"
2015-10-24,40,"R-T51",10,"f","f"
2015-10-24,41,"O-Y62",10,"f","f"
2015-10-24,40,"O-Y63",10,"f","f"
2015-10-24,43,"O-Y64",10,"m","m"
2015-10-24,39,"O-Y65",10,"u","u"
2015-10-24,40,"O-Y66",10,"m","m"
2015-10-24,37,"O-Y67",10,"u","u"
2015-10-24,43,"O-Y69",10,"m","m"
2015-10-24,39,"O-Y70",10,"u","u"
2015-10-24,37,"O-Y71",10,"u","u"
2015-10-24,38,"O-Y72",10,"u","u"
2015-10-24,45,"O-U63",10,"f","f"
2015-10-24,41,"O-U65",10,"m","m"
2015-10-24,36,"G-X53",10,"u","u"
2015-10-24,39,"O-U67",10,"u","u"
2015-10-24,32,NA,10,"u","u"
2015-10-24,36,"G-X54",10,"u","u"
2015-10-24,36,"G-X55",10,"u","u"
2015-10-24,39,"G-X56",10,"u","u"
2015-10-24,35,"G-X57",10,"u","u"
2015-10-24,33,NA,10,"u","u"
2015-10-24,37,"G-X58",10,"u","u"
2015-10-24,41,"G-X59",10,"m","m"
2015-10-24,36,"G-X60",10,"f","u"
2015-10-24,37,"O-U57",10,"u","u"
2015-10-24,38,"O-U54",10,"u","u"
2015-10-24,39,"G-X61",10,"u","u"
2015-10-24,45,"G-X62",10,"f","f"
2015-10-24,40,"G-X63",10,"f","f"
2015-10-24,43,"G-X64",10,"f","f"
2015-10-24,36,"G-X65",10,"u","u"
2015-10-24,41,"G-X66",10,"f","f"
2015-10-24,39,"G-X67",10,"u","u"
2015-10-24,34,NA,10,"u","u"
2015-10-24,37,"G-X69",10,"u","u"
2015-10-24,37,"G-X70",10,"u","u"
2015-10-24,39,"G-X71",10,"u","u"
2015-10-24,33,NA,10,"u","u"
2015-10-24,32,NA,10,"u","u"
2015-10-24,40,"G-X72",10,"f","f"
2015-10-24,41,"G-X73",10,"f","f"
2015-10-24,37,"G-X74",10,"u","u"
2015-10-24,34,NA,10,"u","u"
2015-10-25,41,"O-Y73",10,"f","f"
2015-10-25,47,"G-J11",10,"m","m"
2015-10-25,38,"O-Y74",10,"u","u"
2015-10-25,38,"O-Y75",10,"u","u"
2015-10-25,39,"O-Y76",10,"u","u"
2015-10-25,36,"O-Y77",10,"u","u"
2015-10-25,37,"O-Y79",10,"u","u"
2015-10-25,41,"O-Y90",10,"m","m"
2015-10-25,36,"O-Y91",10,"u","u"
2015-10-25,37,"O-Y92",10,"f","u"
2015-10-25,37,"O-Y93",10,"u","u"
2015-10-25,40,"O-Y94",10,"f","f"
2015-10-25,40,"O-Y95",10,"m","m"
2015-10-25,37,"O-Y96",10,"u","u"
2015-10-25,54,"O-Y97",10,"m","m"
2015-10-25,36,"O-Y99",10,"u","u"
2015-10-25,40,"G-L94",10,"f","f"
2015-10-25,42,"R-W00",10,"f","f"
2015-10-25,36,"G-X75",10,"u","u"
2015-10-25,36,"G-X76",10,"u","u"
2015-10-25,36,"G-X77",10,"u","u"
2015-10-25,38,"G-X78",10,"u","u"
2015-10-26,42,"G-X90",10,"f","f"
2015-10-26,40,"G-X91",10,"m","m"
2015-10-26,41,"G-X92",10,"f","f"
2015-10-26,53,"G-L60",10,"f","f"
2015-10-26,42,"G-X93",10,"f","f"
2015-10-26,48,"G-X94",10,"f","f"
2015-10-26,43,NA,10,"f","f"
2015-10-26,40,"G-X95",10,"f","f"
2015-10-26,42,"G-X96",10,"f","f"
2015-10-26,37,"G-X97",10,"u","u"
2015-10-26,40,"G-X99",10,"m","m"
2015-10-26,38,"R-W01",10,"u","u"
2015-10-26,38,"R-W02",10,"u","u"
2015-10-26,40,"R-W03",10,"f","f"
2015-10-26,40,"R-W04",10,"f","f"
2015-10-26,44,"R-W05",10,"f","f"
2015-10-26,38,"R-W07",10,"u","u"
2015-10-26,40,"R-W09",10,"f","f"
2015-10-26,39,"R-W10",10,"f","u"
2015-10-26,39,"R-W11",10,"u","u"
2015-10-26,40,"R-W12",10,"f","f"
2015-10-26,42,"R-W13",10,"m","m"
2015-10-26,37,"R-W14",10,"u","u"
2015-10-26,40,"R-W15",10,"f","f"
2015-10-26,36,"R-W16",10,"u","u"
2015-10-26,39,"R-W17",10,"u","u"
2015-10-26,33,NA,10,"u","u"
2015-10-26,38,"R-W19",10,"u","u"
2015-10-26,40,"R-W20",10,"f","f"
2015-10-26,45,"R-W21",10,"f","f"
2015-10-26,38,"G-L66",10,"u","u"
2015-10-26,40,"R-W22",10,"f","f"
2015-10-26,37,"R-W23",10,"u","u"
2015-10-26,40,"R-W24",10,"m","m"
2015-10-26,44,"R-W25",10,"f","f"
2015-10-26,40,"R-W26",10,"m","m"
2015-10-26,48,"R-W27",10,"f","f"
2015-10-26,40,"R-W29",10,"f","f"
2015-10-26,46,"G-L72",10,"f","f"
2015-10-26,40,"R-W30",10,"m","f"
2015-10-26,42,"G-L73",10,"f","f"
2015-10-26,37,"R-W31",10,"u","u"
2015-10-26,41,"R-W32",10,"m","m"
2015-10-26,50,"R-W33",10,"f","f"
2015-10-26,49,"R-W34",10,"f","f"
2015-10-26,40,"R-W35",10,"f","f"
2015-10-26,43,"R-W36",10,"f","f"
2015-10-26,38,"R-W37",10,"u","u"
2015-10-26,46,"R-K44",10,"m","m"
2015-10-26,40,"R-W39",10,"f","f"
2015-10-26,40,"R-W40",10,"m","m"
2015-10-26,39,"R-W41",10,"u","u"
2015-10-26,45,"G-L71",10,"f","f"
2015-10-26,39,"R-W43",10,"u","u"
2015-10-26,42,"R-W44",10,"f","f"
2015-10-26,48,"R-W45",10,"f","f"
2015-10-26,50,"R-T59",10,"f","f"
2015-10-26,40,"R-T61",10,"f","f"
2015-10-26,43,"R-T60",10,"f","f"
2015-10-26,54,"R-N19",10,"f","f"
2015-10-26,40,"R-W46",10,"m","f"
2015-10-26,36,"R-W47",10,"u","u"
2015-10-26,46,"R-W49",10,"f","f"
2015-10-26,38,"R-W51",10,"u","u"
2015-10-26,40,"G-L79",10,"f","f"
2015-10-26,36,"R-W52",10,"u","u"
2015-10-26,40,"G-L75",10,"f","f"
2015-10-26,42,"R-W53",10,"m","m"
2015-10-26,43,"R-W54",10,"m","m"
2015-10-26,41,"R-W55",10,"f","f"
2015-10-27,38,"R-W56",10,"u","u"
2015-10-27,42,"R-W57",10,"m","m"
2015-10-27,42,"R-W59",10,"f","f"
2015-10-27,39,"R-T71",10,"u","u"
2015-10-27,47,"R-W60",10,"f","f"
2015-10-27,40,"R-W61",10,"f","f"
2015-10-27,38,"R-W62",10,"u","u"
2015-10-27,43,"R-W63",10,"m","m"
2015-10-27,37,"R-W64",10,"u","u"
2015-10-27,40,"R-W65",10,"m","m"
2015-10-27,38,"R-W66",10,"u","u"
2015-10-27,47,"R-W67",10,"f","f"
2015-10-27,49,"R-T67",10,"f","f"
2015-10-27,45,"R-T74",10,"f","f"
2015-10-27,40,"R-W69",10,"m","m"
2015-10-27,43,"R-W70",10,"m","m"
2015-10-27,43,"R-W71",10,"f","f"
2015-10-27,40,"R-W72",10,"m","m"
2015-10-27,42,"R-W73",10,"m","m"
2015-10-27,45,"R-W74",10,"m","m"
2015-10-27,53,"R-P39",10,"f","f"
2015-10-27,46,"R-W75",10,"f","f"
2015-10-27,39,"R-W76",10,"u","u"
2015-10-27,47,"R-W77",10,"f","f"
2015-10-27,43,"R-W79",10,"m","m"
2015-10-27,42,"R-T66",10,"f","f"
2015-10-27,41,"R-W90",10,"f","f"
2015-10-27,43,"R-W91",10,"f","f"
2015-10-27,38,"R-W92",10,"u","u"
2015-10-27,44,"R-W93",10,"f","f"
2015-10-27,41,"R-W94",10,"m","m"
2015-10-27,40,"R-W95",10,"f","f"
2015-10-31,36,"O-Z00",10,"u","u"
2015-10-31,39,"O-Z01",10,"u","u"
2015-10-31,42,"O-Z02",10,"f","f"
2015-10-31,38,"O-Z03",10,"u","u"
2015-10-31,37,"O-Z04",10,"u","u"
2015-10-31,45,"G-L85",10,"m","m"
2015-10-31,38,"O-Z05",10,"u","u"
2015-10-31,48,"G-L82",10,"f","f"
2015-10-31,47,"G-L83",10,"f","f"
2015-10-31,35,"O-Z06",10,"u","u"
2015-10-31,43,"O-Z07",10,"m","m"
2015-10-31,42,"O-Z09",10,"m","m"
2015-10-31,36,"O-Z10",10,"u","u"
2015-10-31,41,"O-Z11",10,"f","f"
2015-10-31,38,"O-Z12",10,"u","u"
2015-10-31,44,"O-Z13",10,"m","m"
2015-10-31,42,"O-Z14",10,"f","f"
2015-10-31,38,"O-Z15",10,"u","u"
2015-10-31,42,"O-Z16",10,"f","f"
2015-10-31,44,"O-Z17",10,"m","m"
2015-10-31,45,"O-Z19",10,"f","f"
2015-10-31,41,"O-Z20",10,"f","f"
2015-10-31,42,"O-Z21",10,"m","m"
2015-10-31,45,"G-J12",10,"m","m"
2015-10-31,35,"O-Z22",10,"u","u"
2015-10-31,48,"G-L97",10,"f","f"
2015-10-31,40,"O-Y13",10,"m","m"
2015-10-31,39,"O-Z23",10,"u","u"
2015-10-31,44,"G-X09",10,"m","m"
2015-10-31,38,"O-Z24",10,"u","u"
2015-10-31,45,"G-X06",10,"m","m"
2015-10-31,37,"O-Z25",10,"u","u"
2015-10-31,37,"O-Z26",10,"u","u"
2015-10-31,46,"O-Z27",10,"f","f"
2015-10-31,43,"O-Z29",10,"m","m"
2015-10-31,35,"O-Z30",10,"u","u"
2015-10-31,50,"O-Z31",10,"f","f"
2015-10-31,40,"O-Z32",10,"m","m"
2015-10-31,48,"O-Z33",10,"f","f"
2015-11-01,43,"O-Z34",10,"f","f"
2015-11-01,36,"O-Z35",10,"u","u"
2015-11-01,40,"O-Z36",10,"f","f"
2015-11-01,39,"O-Z37",10,"f","u"
2015-11-01,38,"O-Z39",10,"u","u"
2015-11-01,43,"O-Z40",10,"f","f"
2015-11-01,40,"O-Z42",10,"m","m"
2015-11-01,33,NA,10,"u","u"
2015-11-01,41,"O-Z43",10,"m","m"
2015-11-01,40,"O-Z44",10,"f","f"
2015-11-01,37,"O-Z45",10,"u","u"
2015-11-01,39,"O-Z46",10,"u","u"
2015-11-01,46,"O-Z47",10,"m","m"
2015-11-01,40,"G-X05",10,"m","m"
2015-11-01,37,"O-Z50",10,"u","u"
2015-11-01,40,"R-T93",10,"m","m"
2015-11-01,37,"O-Z51",10,"u","u"
2015-11-01,37,"O-Z52",10,"u","u"
2015-11-01,46,"O-U99",10,"m","m"
2015-11-01,40,"O-Z53",10,"f","f"
2015-11-01,43,"O-Z55",10,"f","f"
2015-11-01,43,"O-Z56",10,"f","f"
2015-11-01,44,"O-Z57",10,"m","m"
2015-11-01,50,"O-U97",10,"f","f"
2015-11-01,44,"O-U93",10,"m","m"
2015-11-01,44,"O-U91",10,"m","m"
2015-11-01,34,NA,10,"u","u"
2015-11-01,36,"O-Z59",10,"u","u"
2015-11-01,35,"R-O17",10,"u","u"
2015-11-01,35,"R-O19",10,"u","u"
2015-11-01,42,"R-O00",10,"f","f"
2015-11-01,38,"R-O01",10,"u","u"
2015-11-01,35,"R-O02",10,"u","u"
2015-11-01,42,"O-Z41",10,"f","f"
2015-11-01,36,"R-O03",10,"u","u"
2015-11-01,36,"R-O04",10,"u","u"
2015-11-01,33,NA,10,"u","u"
2015-11-01,38,"R-O05",10,"u","u"
2015-11-01,39,"R-O06",10,"u","u"
2015-11-01,36,"R-O07",10,"u","u"
2015-11-01,35,"R-O09",10,"u","u"
2015-11-01,39,"R-O10",10,"u","u"
2015-11-01,36,"R-O11",10,"u","u"
2015-11-01,40,"R-O12",10,"f","f"
2015-11-01,32,NA,10,"u","u"
2015-11-01,41,"R-O13",10,"m","m"
2015-11-01,42,"R-O14",10,"f","f"
2015-11-01,37,"R-O15",10,"u","u"
2015-11-01,43,"R-O16",10,"f","f"
2015-11-01,43,"G-X00",10,"m","m"
2015-11-01,41,"O-Y04",10,"m","m"
2015-11-03,38,"O-Z60",10,"u","u"
2015-11-03,50,"G-H32",10,"f","f"
2015-11-03,38,"O-Z61",10,"u","u"
2015-11-03,45,"O-Z62",10,"m","m"
2015-11-03,38,"O-Z63",10,"u","u"
2015-11-03,37,"O-Z64",10,"u","u"
2015-11-03,38,"O-Z65",10,"u","u"
2015-11-03,36,"O-Z66",10,"u","u"
2015-11-03,39,"O-Z67",10,"u","u"
2015-11-03,35,"O-Z69",10,"f","u"
2015-11-03,37,"O-Z70",10,"u","u"
2015-11-03,37,"O-Z71",10,"u","u"
2015-11-03,39,"O-Z72",10,"m","u"
2015-11-03,37,"O-Z73",10,"u","u"
2016-05-29,40,NA,11,"m","m"
2016-05-29,40,NA,11,"m","m"
2016-05-29,41,NA,11,"m","m"
2016-05-29,43,NA,11,"m","m"
2016-05-29,46,NA,11,"m","m"
2016-05-29,41,NA,11,"m","m"
2016-05-29,45,NA,11,"f","f"
2016-05-29,43,NA,11,"m","m"
2016-05-29,44,NA,11,"f","f"
2016-05-29,39,"O-Z26",11,"u","u"
2016-05-29,41,NA,11,"m","m"
2016-05-29,40,NA,11,"m","m"
2016-05-29,41,NA,11,"f","f"
2016-05-29,41,NA,11,"f","f"
2016-05-29,42,NA,11,"f","f"
2016-05-29,47,"G-L97",11,"f","f"
2016-05-29,43,NA,11,"m","m"
2016-05-29,45,NA,11,"m","m"
2016-05-29,40,NA,11,"m","m"
2016-05-29,43,NA,11,"f","f"
2016-05-29,43,NA,11,"f","f"
2016-05-29,41,NA,11,"f","f"
2016-05-29,40,NA,11,"f","f"
2016-05-29,42,NA,11,"m","m"
2016-05-29,37,NA,11,"u","u"
2016-05-29,43,NA,11,"m","m"
2016-05-29,42,NA,11,"m","m"
2016-05-29,40,NA,11,"m","m"
2016-05-29,40,NA,11,"m","m"
2016-05-29,42,NA,11,"m","m"
2016-05-29,45,NA,11,"f","f"
2016-05-29,43,NA,11,"m","m"
2016-05-29,41,NA,11,"m","m"
2016-05-29,42,NA,11,"m","m"
2016-05-29,40,NA,11,"m","m"
2016-05-29,38,NA,11,"u","u"
2016-05-29,40,NA,11,"f","f"
2016-05-29,41,NA,11,"f","f"
2016-05-29,39,NA,11,"u","u"
2016-05-29,40,NA,11,"m","m"
2016-05-29,46,"O-Y92",11,"f","f"
2016-05-29,42,NA,11,"f","f"
2016-05-29,41,NA,11,"m","m"
2016-05-29,40,NA,11,"m","m"
2016-05-29,37,NA,11,"u","u"
2016-05-29,40,NA,11,"f","f"
2016-05-29,38,NA,11,"u","u"
2016-05-29,44,NA,11,"f","f"
2016-05-29,50,NA,11,"f","f"
2016-05-29,39,NA,11,"u","u"
2016-05-30,45,NA,11,"f","f"
2016-05-30,41,NA,11,"m","m"
2016-05-30,43,"G-L85",11,"m","m"
2016-05-30,40,NA,11,"m","m"
2016-05-30,42,NA,11,"f","f"
2016-05-30,43,NA,11,"f","f"
2016-05-30,46,NA,11,"f","f"
2016-05-30,41,NA,11,"f","f"
2016-05-30,47,"G-L81",11,"m","m"
2016-05-30,46,NA,11,"f","f"
2016-05-30,40,NA,11,"m","m"
2016-05-30,45,NA,11,"f","f"
2016-05-30,42,NA,11,"m","m"
2016-05-30,43,"O-Z13",11,"m","m"
2016-05-30,48,NA,11,"f","f"
2016-05-30,43,NA,11,"f","f"
2016-05-30,48,NA,11,"f","f"
2016-05-30,46,NA,11,"f","f"
2016-05-30,46,"O-Z02",11,"f","f"
2016-05-30,43,NA,11,"m","m"
2016-05-30,45,"O-Z14",11,"f","f"
2016-05-30,42,NA,11,"f","f"
2016-05-30,43,NA,11,"m","m"
2016-05-30,40,NA,11,"m","m"
2016-05-30,37,NA,11,"u","u"
2016-05-30,39,NA,11,"u","u"
2016-05-30,48,NA,11,"f","f"
2016-05-30,43,NA,11,"m","m"
2016-05-30,41,NA,11,"m","m"
2016-05-30,43,NA,11,"f","f"
2016-05-30,42,NA,11,"f","f"
2016-05-30,40,NA,11,"m","m"
2016-05-30,46,NA,11,"f","f"
2016-05-30,40,NA,11,"f","f"
2016-05-30,43,NA,11,"f","f"
2016-05-30,38,NA,11,"u","u"
2016-05-30,43,NA,11,"f","f"
2016-05-30,41,NA,11,"m","m"
2016-05-30,45,NA,11,"f","f"
2016-05-30,38,NA,11,"u","u"
2016-05-30,40,NA,11,"f","f"
2016-05-30,41,NA,11,"f","f"
2016-06-02,43,NA,11,"f","f"
2016-06-02,42,NA,11,"f","f"
2016-06-02,46,NA,11,"f","f"
2016-06-02,45,NA,11,"f","f"
2016-06-02,47,NA,11,"f","f"
2016-06-02,41,NA,11,"f","f"
2016-06-02,42,NA,11,"f","f"
2016-06-02,42,NA,11,"f","f"
2016-06-02,43,NA,11,"m","m"
2016-06-02,43,NA,11,"m","m"
2016-06-02,43,NA,11,"f","f"
2016-06-02,39,NA,11,"u","u"
2016-06-02,42,"O-Z37",11,"f","f"
2016-06-02,44,"O-Z40",11,"f","f"
2016-06-02,43,"G-X05",11,"m","m"
2016-06-02,39,NA,11,"u","u"
2016-06-02,41,NA,11,"m","m"
2016-06-02,44,"O-Z47",11,"m","m"
2016-06-02,40,"O-U92",11,"m","m"
2016-06-02,40,NA,11,"m","m"
2016-06-02,38,NA,11,"u","u"
2016-06-02,38,NA,11,"u","u"
2016-06-02,42,NA,11,"f","f"
2016-06-02,44,NA,11,"f","f"
2016-06-02,43,NA,11,"m","m"
2016-06-02,41,NA,11,"m","m"
2016-06-02,40,NA,11,"f","f"
2016-06-02,38,NA,11,"u","u"
2016-06-02,43,NA,11,"f","f"
2016-06-02,42,NA,11,"m","m"
2016-06-02,45,NA,11,"f","f"
2016-06-02,44,NA,11,"f","f"
2016-06-02,46,NA,11,"f","f"
2016-06-02,38,NA,11,"u","u"
2016-06-02,39,NA,11,"u","u"
2016-06-02,38,NA,11,"u","u"
2016-06-02,41,NA,11,"m","m"
2016-06-02,45,NA,11,"f","f"
2016-06-02,42,NA,11,"f","f"
2016-06-02,39,NA,11,"u","u"
2016-06-02,39,NA,11,"u","u"
2016-06-02,39,NA,11,"u","u"
2016-06-02,46,NA,11,"f","f"
2016-06-07,46,NA,11,"f","f"
2016-06-07,47,NA,11,"f","f"
2016-06-07,38,NA,11,"u","u"
2016-06-07,39,NA,11,"u","u"
2016-06-07,46,"R-W44",11,"f","f"
2016-06-07,43,NA,11,"f","f"
2016-06-07,37,NA,11,"u","u"
2016-06-07,39,NA,11,"u","u"
2016-06-07,49,NA,11,"f","f"
2016-06-07,41,NA,11,"m","m"
2016-06-07,43,NA,11,"m","m"
2016-06-07,44,NA,11,"m","m"
2016-06-07,44,NA,11,"f","f"
2016-06-07,42,NA,11,"m","m"
2016-06-07,49,NA,11,"f","f"
2016-06-07,41,NA,11,"f","f"
2016-06-07,47,NA,11,"m","m"
2016-06-07,45,NA,11,"f","f"
2016-06-07,37,NA,11,"u","u"
2016-06-07,45,"G-L70",11,"f","f"
2016-06-07,42,NA,11,"m","m"
2016-06-07,46,NA,11,"m","m"
2016-06-07,42,NA,11,"f","f"
2016-06-07,43,NA,11,"f","f"
2016-06-07,44,NA,11,"m","m"
2016-06-07,43,NA,11,"f","f"
2016-06-07,44,NA,11,"m","m"
2016-06-07,46,NA,11,"f","f"
2016-06-07,50,NA,11,"f","f"
2016-06-07,43,NA,11,"m","m"
2016-06-07,43,NA,11,"f","f"
2016-06-07,45,NA,11,"m","m"
2016-06-07,52,"R-N19",11,"f","f"
2016-06-07,43,NA,11,"m","m"
2016-06-07,46,NA,11,"f","f"
2016-06-07,45,NA,11,"m","m"
2016-06-07,43,NA,11,"m","m"
2016-06-07,40,NA,11,"m","m"
2016-06-07,48,NA,11,"f","f"
2016-06-07,42,"R-W46",11,"m","m"
2016-06-07,41,NA,11,"m","m"
2016-06-07,50,NA,11,"f","f"
2016-06-07,45,NA,11,"f","f"
2016-06-07,41,NA,11,"m","m"
2016-06-07,42,NA,11,"m","m"
2016-06-07,45,"R-T60",11,"f","f"
2016-06-07,47,NA,11,"f","f"
2016-06-07,52,NA,11,"f","f"
2016-06-07,41,NA,11,"f","f"
2016-06-07,49,"R-T59",11,"f","f"
2016-06-07,42,NA,11,"f","f"
2016-06-07,43,NA,11,"f","f"
2016-06-07,39,NA,11,"u","u"
2016-06-07,42,NA,11,"m","m"
2016-06-07,45,NA,11,"f","f"
2016-06-07,46,NA,11,"f","f"
2016-06-07,50,"R-W33",11,"f","f"
2016-06-07,42,"R-W30",11,"m","m"
2016-06-07,43,NA,11,"m","m"
2016-06-07,42,NA,11,"m","m"
2016-06-07,43,NA,11,"m","m"
2016-06-07,45,NA,11,"m","m"
2016-06-07,42,NA,11,"m","m"
2016-06-07,49,NA,11,"f","f"
2016-06-07,45,NA,11,"f","f"
2016-06-07,45,"R-W10",11,"f","f"
2016-06-09,42,NA,11,"m","m"
2016-06-09,45,NA,11,"m","m"
2016-06-09,43,NA,11,"m","m"
2016-06-09,43,NA,11,"m","m"
2016-06-09,46,NA,11,"m","m"
2016-06-09,41,NA,11,"m","m"
2016-06-09,42,NA,11,"m","m"
2016-06-09,47,NA,11,"f","f"
2016-06-09,45,NA,11,"m","m"
2016-06-09,47,NA,11,"f","f"
2016-06-09,43,NA,11,"f","f"
2016-06-09,42,NA,11,"m","m"
2016-06-09,40,NA,11,"f","f"
2016-06-09,43,NA,11,"f","f"
2016-06-09,57,NA,11,"f","f"
2016-06-09,46,NA,11,"m","m"
2016-06-09,40,NA,11,"m","m"
2016-06-09,44,NA,11,"m","m"
2016-06-09,52,NA,11,"m","m"
2016-06-09,45,NA,11,"f","f"
2016-06-09,46,NA,11,"m","m"
2016-06-09,48,NA,11,"f","f"
2016-06-09,41,NA,11,"f","f"
2016-06-09,42,"O-Y55",11,"m","m"
2016-06-09,39,NA,11,"u","u"
2016-06-09,43,NA,11,"m","m"
2016-06-09,43,NA,11,"f","f"
2016-06-09,46,NA,11,"f","f"
2016-06-09,45,NA,11,"f","f"
2016-06-09,38,NA,11,"u","u"
2016-06-09,42,NA,11,"m","m"
2016-06-09,42,NA,11,"f","f"
2016-06-09,48,NA,11,"m","m"
2016-06-09,43,NA,11,"f","f"
2016-06-09,39,NA,11,"u","u"
2016-06-09,44,NA,11,"m","m"
2016-06-09,44,NA,11,"f","f"
2016-06-09,52,NA,11,"f","f"
2016-06-09,45,NA,11,"m","m"
2016-06-09,50,NA,11,"f","f"
2016-06-09,37,NA,11,"u","u"
2016-06-09,48,NA,11,"f","f"
2016-06-09,37,NA,11,"u","u"
2016-06-09,42,NA,11,"m","m"
2016-06-09,43,NA,11,"f","f"
2016-06-09,40,NA,11,"m","m"
2016-06-09,37,NA,11,"u","u"
2016-06-09,46,NA,11,"f","f"
2016-06-09,47,"G-X60",11,"f","f"
2016-06-09,52,NA,11,"m","m"
2016-06-09,43,NA,11,"m","m"
2016-06-09,42,NA,11,"m","m"
2016-06-09,41,NA,11,"m","m"
2016-06-09,46,NA,11,"f","f"
2016-06-09,41,NA,11,"m","m"
2016-06-09,41,NA,11,"f","f"
2016-06-09,44,NA,11,"f","f"
2016-06-09,44,NA,11,"f","f"
2016-06-09,57,NA,11,"m","m"
2016-06-09,45,"O-Y61",11,"f","f"
2016-06-09,54,NA,11,"f","f"
2016-06-09,36,NA,11,"u","u"
2016-06-09,45,NA,11,"m","m"
2016-06-09,48,NA,11,"f","f"
2016-06-09,43,NA,11,"m","m"
2016-06-09,48,NA,11,"f","f"
2016-06-09,44,NA,11,"f","f"
2016-06-09,41,NA,11,"m","m"
2016-06-09,43,NA,11,"m","m"
2016-06-09,47,NA,11,"m","m"
2016-06-09,39,NA,11,"u","u"
2016-06-09,46,NA,11,"m","m"
2016-06-09,38,NA,11,"u","u"
2016-06-09,45,NA,11,"f","f"
2016-06-09,41,NA,11,"m","m"
2016-06-10,44,NA,11,"m","m"
2016-06-10,41,NA,11,"f","f"
2016-06-10,41,NA,11,"f","f"
2016-06-10,50,NA,11,"f","f"
2016-06-10,45,NA,11,"f","f"
2016-06-10,45,"R-W26",11,"m","m"
2016-06-10,39,NA,11,"u","u"
2016-06-10,41,NA,11,"m","m"
2016-06-10,41,NA,11,"m","m"
2016-06-10,45,NA,11,"f","f"
2016-06-10,50,NA,11,"m","m"
2016-06-10,49,NA,11,"f","f"
2016-06-10,43,NA,11,"f","f"
2016-06-10,50,NA,11,"f","f"
2016-06-10,40,NA,11,"m","m"
2016-06-10,40,NA,11,"m","m"
2016-06-10,49,NA,11,"f","f"
2016-06-10,49,NA,11,"f","f"
2016-06-10,41,NA,11,"f","f"
2016-06-10,39,NA,11,"u","u"
2016-06-10,43,"G-X33",11,"f","f"
2016-06-10,44,NA,11,"f","f"
2016-06-10,38,NA,11,"u","u"
2016-06-10,41,NA,11,"f","f"
2016-06-10,45,NA,11,"f","f"
2016-06-10,40,NA,11,"m","m"
2016-06-10,43,NA,11,"m","m"
2016-06-13,40,NA,11,"m","m"
2016-06-13,43,NA,11,"f","f"
2016-06-13,48,NA,11,"f","f"
2016-06-13,40,NA,11,"m","m"
2016-06-13,42,NA,11,"f","f"
2016-06-13,41,NA,11,"m","m"
2016-06-13,45,NA,11,"f","f"
2016-06-13,46,NA,11,"f","f"
2016-06-13,43,NA,11,"m","m"
2016-06-13,48,NA,11,"f","f"
2016-06-13,41,NA,11,"f","f"
2016-06-13,35,NA,11,"u","u"
2016-06-13,42,NA,11,"m","m"
2016-06-13,41,NA,11,"m","m"
2016-06-13,42,NA,11,"f","f"
2016-06-13,44,NA,11,"f","f"
2016-06-13,47,NA,11,"f","f"
2016-06-13,47,NA,11,"f","f"
2016-06-13,40,"O-Z69",11,"f","f"
2016-06-13,38,"O-Z70",11,"u","u"
2016-06-13,51,NA,11,"f","f"
2016-06-13,40,NA,11,"m","m"
2016-06-13,40,NA,11,"m","m"
2016-06-13,41,NA,11,"m","m"
2016-06-13,47,NA,11,"f","f"
2016-06-13,41,NA,11,"m","m"
2016-06-13,38,NA,11,"u","u"
2016-06-13,45,NA,11,"f","f"
2016-06-13,46,NA,11,"m","m"
2016-06-13,44,NA,11,"f","f"
2016-06-13,43,NA,11,"m","m"
2016-06-13,38,NA,11,"u","u"
2016-06-13,42,NA,11,"m","m"
2016-06-13,45,NA,11,"m","m"
2016-06-13,43,NA,11,"m","m"
2016-06-13,45,NA,11,"m","m"
2016-06-13,51,NA,11,"f","f"
2016-06-13,44,NA,11,"f","f"
2016-06-13,45,NA,11,"f","f"
2016-06-13,40,NA,11,"m","m"
2016-06-13,40,NA,11,"m","m"
2016-06-13,43,NA,11,"m","m"
2016-06-13,40,NA,11,"m","m"
2016-06-13,43,NA,11,"f","f"
2016-06-13,41,NA,11,"m","m"
2016-06-13,45,NA,11,"m","m"
2016-06-13,45,NA,11,"m","m"
2016-06-13,43,NA,11,"m","m"
2016-06-13,43,NA,11,"m","m"
2016-06-13,40,"O-Z72",11,"m","m"
2016-06-13,38,"O-Z71",11,"u","u"
2016-06-13,46,NA,11,"f","f"
2016-06-13,42,NA,11,"m","m"
2016-06-13,43,NA,11,"m","m"
2016-06-13,43,NA,11,"m","m"
2016-06-13,40,NA,11,"m","m"
2016-06-13,42,NA,11,"m","m"
2016-06-13,48,NA,11,"f","f"
2016-06-13,41,NA,11,"m","m"
2016-06-13,42,NA,11,"f","f"
2016-06-13,42,NA,11,"m","m"
2016-06-13,39,NA,11,"u","u"
2016-06-14,41,NA,11,"m","m"
2016-06-14,42,NA,11,"f","f"
2016-06-14,39,NA,11,"u","u"
2016-06-14,43,NA,11,"m","m"
2016-06-14,41,NA,11,"m","m"
2016-06-14,41,NA,11,"m","m"
2016-06-14,42,NA,11,"f","f"
2016-06-14,39,NA,11,"u","u"
2016-06-14,40,NA,11,"m","m"
2016-06-14,37,NA,11,"u","u"
2016-06-14,39,NA,11,"u","u"
2016-06-14,40,NA,11,"m","m"
2016-06-14,40,NA,11,"m","m"
2016-06-14,41,NA,11,"m","m"
2016-06-14,41,NA,11,"m","m"
2016-06-14,38,NA,11,"u","u"
2016-06-14,46,NA,11,"f","f"
2016-06-14,48,"O-G54",11,"m","m"
2016-06-14,37,NA,11,"u","u"
2016-06-14,41,NA,11,"m","m"
2016-06-14,38,NA,11,"u","u"
2016-06-14,40,NA,11,"m","m"
2016-06-14,41,NA,11,"m","m"
2016-06-14,36,NA,11,"u","u"
2016-06-14,39,NA,11,"u","u"
2016-06-14,39,NA,11,"u","u"
2016-06-14,40,NA,11,"m","m"
2016-06-14,45,NA,11,"f","f"
2016-06-14,42,NA,11,"m","m"
2016-06-14,38,NA,11,"u","u"
2016-06-14,46,NA,11,"m","m"
2016-06-14,48,"R-T22",11,"m","m"
2016-06-14,52,NA,11,"f","f"
2016-06-14,42,NA,11,"m","m"
2016-06-14,48,NA,11,"f","f"
2016-06-14,46,NA,11,"f","f"
2016-06-14,40,NA,11,"m","m"
2016-06-14,43,NA,11,"f","f"
2016-06-14,41,NA,11,"m","m"
2016-06-14,42,NA,11,"f","f"
2016-06-14,43,NA,11,"m","m"
2016-06-14,42,NA,11,"m","m"
2016-06-14,41,NA,11,"m","m"
2016-06-14,43,NA,11,"f","f"
